{"format": "layers-model", "generatedBy": "keras v2.2.4-tf", "convertedBy": "TensorFlow.js Converter v1.5.2", "modelTopology": {"keras_version": "2.2.4-tf", "backend": "tensorflow", "model_config": {"class_name": "Sequential", "config": {"name": "sequential_1", "layers": [{"class_name": "Model", "config": {"name": "xception", "layers": [{"class_name": "InputLayer", "config": {"batch_input_shape": [null, 299, 299, 3], "dtype": "float32", "sparse": false, "name": "input_1"}, "name": "input_1", "inbound_nodes": []}, {"class_name": "Conv2D", "config": {"name": "block1_conv1", "trainable": false, "dtype": "float32", "filters": 32, "kernel_size": [3, 3], "strides": [2, 2], "padding": "valid", "data_format": "channels_last", "dilation_rate": [1, 1], "activation": "linear", "use_bias": false, "kernel_initializer": {"class_name": "GlorotUniform", "config": {"seed": null}}, "bias_initializer": {"class_name": "Zeros", "config": {}}, "kernel_regularizer": null, "bias_regularizer": null, "activity_regularizer": null, "kernel_constraint": null, "bias_constraint": null}, "name": "block1_conv1", "inbound_nodes": [[["input_1", 0, 0, {}]]]}, {"class_name": "BatchNormalization", "config": {"name": "block1_conv1_bn", "trainable": false, "dtype": "float32", "axis": [3], "momentum": 0.99, "epsilon": 0.001, "center": true, "scale": true, "beta_initializer": {"class_name": "Zeros", "config": {}}, "gamma_initializer": {"class_name": "Ones", "config": {}}, "moving_mean_initializer": {"class_name": "Zeros", "config": {}}, "moving_variance_initializer": {"class_name": "Ones", "config": {}}, "beta_regularizer": null, "gamma_regularizer": null, "beta_constraint": null, "gamma_constraint": null}, "name": "block1_conv1_bn", "inbound_nodes": [[["block1_conv1", 0, 0, {}]]]}, {"class_name": "Activation", "config": {"name": "block1_conv1_act", "trainable": false, "dtype": "float32", "activation": "relu"}, "name": "block1_conv1_act", "inbound_nodes": [[["block1_conv1_bn", 0, 0, {}]]]}, {"class_name": "Conv2D", "config": {"name": "block1_conv2", "trainable": false, "dtype": "float32", "filters": 64, "kernel_size": [3, 3], "strides": [1, 1], "padding": "valid", "data_format": "channels_last", "dilation_rate": [1, 1], "activation": "linear", "use_bias": false, "kernel_initializer": {"class_name": "GlorotUniform", "config": {"seed": null}}, "bias_initializer": {"class_name": "Zeros", "config": {}}, "kernel_regularizer": null, "bias_regularizer": null, "activity_regularizer": null, "kernel_constraint": null, "bias_constraint": null}, "name": "block1_conv2", "inbound_nodes": [[["block1_conv1_act", 0, 0, {}]]]}, {"class_name": "BatchNormalization", "config": {"name": "block1_conv2_bn", "trainable": false, "dtype": "float32", "axis": [3], "momentum": 0.99, "epsilon": 0.001, "center": true, "scale": true, "beta_initializer": {"class_name": "Zeros", "config": {}}, "gamma_initializer": {"class_name": "Ones", "config": {}}, "moving_mean_initializer": {"class_name": "Zeros", "config": {}}, "moving_variance_initializer": {"class_name": "Ones", "config": {}}, "beta_regularizer": null, "gamma_regularizer": null, "beta_constraint": null, "gamma_constraint": null}, "name": "block1_conv2_bn", "inbound_nodes": [[["block1_conv2", 0, 0, {}]]]}, {"class_name": "Activation", "config": {"name": "block1_conv2_act", "trainable": false, "dtype": "float32", "activation": "relu"}, "name": "block1_conv2_act", "inbound_nodes": [[["block1_conv2_bn", 0, 0, {}]]]}, {"class_name": "SeparableConv2D", "config": {"name": "block2_sepconv1", "trainable": false, "dtype": "float32", "filters": 128, "kernel_size": [3, 3], "strides": [1, 1], "padding": "same", "data_format": "channels_last", "dilation_rate": [1, 1], "activation": "linear", "use_bias": false, "kernel_initializer": {"class_name": "GlorotUniform", "config": {"seed": null}}, "bias_initializer": {"class_name": "Zeros", "config": {}}, "kernel_regularizer": null, "bias_regularizer": null, "activity_regularizer": null, "kernel_constraint": null, "bias_constraint": null, "depth_multiplier": 1, "depthwise_initializer": {"class_name": "GlorotUniform", "config": {"seed": null}}, "pointwise_initializer": {"class_name": "GlorotUniform", "config": {"seed": null}}, "depthwise_regularizer": null, "pointwise_regularizer": null, "depthwise_constraint": null, "pointwise_constraint": null}, "name": "block2_sepconv1", "inbound_nodes": [[["block1_conv2_act", 0, 0, {}]]]}, {"class_name": "BatchNormalization", "config": {"name": "block2_sepconv1_bn", "trainable": false, "dtype": "float32", "axis": [3], "momentum": 0.99, "epsilon": 0.001, "center": true, "scale": true, "beta_initializer": {"class_name": "Zeros", "config": {}}, "gamma_initializer": {"class_name": "Ones", "config": {}}, "moving_mean_initializer": {"class_name": "Zeros", "config": {}}, "moving_variance_initializer": {"class_name": "Ones", "config": {}}, "beta_regularizer": null, "gamma_regularizer": null, "beta_constraint": null, "gamma_constraint": null}, "name": "block2_sepconv1_bn", "inbound_nodes": [[["block2_sepconv1", 0, 0, {}]]]}, {"class_name": "Activation", "config": {"name": "block2_sepconv2_act", "trainable": false, "dtype": "float32", "activation": "relu"}, "name": "block2_sepconv2_act", "inbound_nodes": [[["block2_sepconv1_bn", 0, 0, {}]]]}, {"class_name": "SeparableConv2D", "config": {"name": "block2_sepconv2", "trainable": false, "dtype": "float32", "filters": 128, "kernel_size": [3, 3], "strides": [1, 1], "padding": "same", "data_format": "channels_last", "dilation_rate": [1, 1], "activation": "linear", "use_bias": false, "kernel_initializer": {"class_name": "GlorotUniform", "config": {"seed": null}}, "bias_initializer": {"class_name": "Zeros", "config": {}}, "kernel_regularizer": null, "bias_regularizer": null, "activity_regularizer": null, "kernel_constraint": null, "bias_constraint": null, "depth_multiplier": 1, "depthwise_initializer": {"class_name": "GlorotUniform", "config": {"seed": null}}, "pointwise_initializer": {"class_name": "GlorotUniform", "config": {"seed": null}}, "depthwise_regularizer": null, "pointwise_regularizer": null, "depthwise_constraint": null, "pointwise_constraint": null}, "name": "block2_sepconv2", "inbound_nodes": [[["block2_sepconv2_act", 0, 0, {}]]]}, {"class_name": "BatchNormalization", "config": {"name": "block2_sepconv2_bn", "trainable": false, "dtype": "float32", "axis": [3], "momentum": 0.99, "epsilon": 0.001, "center": true, "scale": true, "beta_initializer": {"class_name": "Zeros", "config": {}}, "gamma_initializer": {"class_name": "Ones", "config": {}}, "moving_mean_initializer": {"class_name": "Zeros", "config": {}}, "moving_variance_initializer": {"class_name": "Ones", "config": {}}, "beta_regularizer": null, "gamma_regularizer": null, "beta_constraint": null, "gamma_constraint": null}, "name": "block2_sepconv2_bn", "inbound_nodes": [[["block2_sepconv2", 0, 0, {}]]]}, {"class_name": "Conv2D", "config": {"name": "conv2d", "trainable": false, "dtype": "float32", "filters": 128, "kernel_size": [1, 1], "strides": [2, 2], "padding": "same", "data_format": "channels_last", "dilation_rate": [1, 1], "activation": "linear", "use_bias": false, "kernel_initializer": {"class_name": "GlorotUniform", "config": {"seed": null}}, "bias_initializer": {"class_name": "Zeros", "config": {}}, "kernel_regularizer": null, "bias_regularizer": null, "activity_regularizer": null, "kernel_constraint": null, "bias_constraint": null}, "name": "conv2d", "inbound_nodes": [[["block1_conv2_act", 0, 0, {}]]]}, {"class_name": "MaxPooling2D", "config": {"name": "block2_pool", "trainable": false, "dtype": "float32", "pool_size": [3, 3], "padding": "same", "strides": [2, 2], "data_format": "channels_last"}, "name": "block2_pool", "inbound_nodes": [[["block2_sepconv2_bn", 0, 0, {}]]]}, {"class_name": "BatchNormalization", "config": {"name": "batch_normalization", "trainable": false, "dtype": "float32", "axis": [3], "momentum": 0.99, "epsilon": 0.001, "center": true, "scale": true, "beta_initializer": {"class_name": "Zeros", "config": {}}, "gamma_initializer": {"class_name": "Ones", "config": {}}, "moving_mean_initializer": {"class_name": "Zeros", "config": {}}, "moving_variance_initializer": {"class_name": "Ones", "config": {}}, "beta_regularizer": null, "gamma_regularizer": null, "beta_constraint": null, "gamma_constraint": null}, "name": "batch_normalization", "inbound_nodes": [[["conv2d", 0, 0, {}]]]}, {"class_name": "Add", "config": {"name": "add", "trainable": false, "dtype": "float32"}, "name": "add", "inbound_nodes": [[["block2_pool", 0, 0, {}], ["batch_normalization", 0, 0, {}]]]}, {"class_name": "Activation", "config": {"name": "block3_sepconv1_act", "trainable": false, "dtype": "float32", "activation": "relu"}, "name": "block3_sepconv1_act", "inbound_nodes": [[["add", 0, 0, {}]]]}, {"class_name": "SeparableConv2D", "config": {"name": "block3_sepconv1", "trainable": false, "dtype": "float32", "filters": 256, "kernel_size": [3, 3], "strides": [1, 1], "padding": "same", "data_format": "channels_last", "dilation_rate": [1, 1], "activation": "linear", "use_bias": false, "kernel_initializer": {"class_name": "GlorotUniform", "config": {"seed": null}}, "bias_initializer": {"class_name": "Zeros", "config": {}}, "kernel_regularizer": null, "bias_regularizer": null, "activity_regularizer": null, "kernel_constraint": null, "bias_constraint": null, "depth_multiplier": 1, "depthwise_initializer": {"class_name": "GlorotUniform", "config": {"seed": null}}, "pointwise_initializer": {"class_name": "GlorotUniform", "config": {"seed": null}}, "depthwise_regularizer": null, "pointwise_regularizer": null, "depthwise_constraint": null, "pointwise_constraint": null}, "name": "block3_sepconv1", "inbound_nodes": [[["block3_sepconv1_act", 0, 0, {}]]]}, {"class_name": "BatchNormalization", "config": {"name": "block3_sepconv1_bn", "trainable": false, "dtype": "float32", "axis": [3], "momentum": 0.99, "epsilon": 0.001, "center": true, "scale": true, "beta_initializer": {"class_name": "Zeros", "config": {}}, "gamma_initializer": {"class_name": "Ones", "config": {}}, "moving_mean_initializer": {"class_name": "Zeros", "config": {}}, "moving_variance_initializer": {"class_name": "Ones", "config": {}}, "beta_regularizer": null, "gamma_regularizer": null, "beta_constraint": null, "gamma_constraint": null}, "name": "block3_sepconv1_bn", "inbound_nodes": [[["block3_sepconv1", 0, 0, {}]]]}, {"class_name": "Activation", "config": {"name": "block3_sepconv2_act", "trainable": false, "dtype": "float32", "activation": "relu"}, "name": "block3_sepconv2_act", "inbound_nodes": [[["block3_sepconv1_bn", 0, 0, {}]]]}, {"class_name": "SeparableConv2D", "config": {"name": "block3_sepconv2", "trainable": false, "dtype": "float32", "filters": 256, "kernel_size": [3, 3], "strides": [1, 1], "padding": "same", "data_format": "channels_last", "dilation_rate": [1, 1], "activation": "linear", "use_bias": false, "kernel_initializer": {"class_name": "GlorotUniform", "config": {"seed": null}}, "bias_initializer": {"class_name": "Zeros", "config": {}}, "kernel_regularizer": null, "bias_regularizer": null, "activity_regularizer": null, "kernel_constraint": null, "bias_constraint": null, "depth_multiplier": 1, "depthwise_initializer": {"class_name": "GlorotUniform", "config": {"seed": null}}, "pointwise_initializer": {"class_name": "GlorotUniform", "config": {"seed": null}}, "depthwise_regularizer": null, "pointwise_regularizer": null, "depthwise_constraint": null, "pointwise_constraint": null}, "name": "block3_sepconv2", "inbound_nodes": [[["block3_sepconv2_act", 0, 0, {}]]]}, {"class_name": "BatchNormalization", "config": {"name": "block3_sepconv2_bn", "trainable": false, "dtype": "float32", "axis": [3], "momentum": 0.99, "epsilon": 0.001, "center": true, "scale": true, "beta_initializer": {"class_name": "Zeros", "config": {}}, "gamma_initializer": {"class_name": "Ones", "config": {}}, "moving_mean_initializer": {"class_name": "Zeros", "config": {}}, "moving_variance_initializer": {"class_name": "Ones", "config": {}}, "beta_regularizer": null, "gamma_regularizer": null, "beta_constraint": null, "gamma_constraint": null}, "name": "block3_sepconv2_bn", "inbound_nodes": [[["block3_sepconv2", 0, 0, {}]]]}, {"class_name": "Conv2D", "config": {"name": "conv2d_1", "trainable": false, "dtype": "float32", "filters": 256, "kernel_size": [1, 1], "strides": [2, 2], "padding": "same", "data_format": "channels_last", "dilation_rate": [1, 1], "activation": "linear", "use_bias": false, "kernel_initializer": {"class_name": "GlorotUniform", "config": {"seed": null}}, "bias_initializer": {"class_name": "Zeros", "config": {}}, "kernel_regularizer": null, "bias_regularizer": null, "activity_regularizer": null, "kernel_constraint": null, "bias_constraint": null}, "name": "conv2d_1", "inbound_nodes": [[["add", 0, 0, {}]]]}, {"class_name": "MaxPooling2D", "config": {"name": "block3_pool", "trainable": false, "dtype": "float32", "pool_size": [3, 3], "padding": "same", "strides": [2, 2], "data_format": "channels_last"}, "name": "block3_pool", "inbound_nodes": [[["block3_sepconv2_bn", 0, 0, {}]]]}, {"class_name": "BatchNormalization", "config": {"name": "batch_normalization_1", "trainable": false, "dtype": "float32", "axis": [3], "momentum": 0.99, "epsilon": 0.001, "center": true, "scale": true, "beta_initializer": {"class_name": "Zeros", "config": {}}, "gamma_initializer": {"class_name": "Ones", "config": {}}, "moving_mean_initializer": {"class_name": "Zeros", "config": {}}, "moving_variance_initializer": {"class_name": "Ones", "config": {}}, "beta_regularizer": null, "gamma_regularizer": null, "beta_constraint": null, "gamma_constraint": null}, "name": "batch_normalization_1", "inbound_nodes": [[["conv2d_1", 0, 0, {}]]]}, {"class_name": "Add", "config": {"name": "add_1", "trainable": false, "dtype": "float32"}, "name": "add_1", "inbound_nodes": [[["block3_pool", 0, 0, {}], ["batch_normalization_1", 0, 0, {}]]]}, {"class_name": "Activation", "config": {"name": "block4_sepconv1_act", "trainable": false, "dtype": "float32", "activation": "relu"}, "name": "block4_sepconv1_act", "inbound_nodes": [[["add_1", 0, 0, {}]]]}, {"class_name": "SeparableConv2D", "config": {"name": "block4_sepconv1", "trainable": false, "dtype": "float32", "filters": 728, "kernel_size": [3, 3], "strides": [1, 1], "padding": "same", "data_format": "channels_last", "dilation_rate": [1, 1], "activation": "linear", "use_bias": false, "kernel_initializer": {"class_name": "GlorotUniform", "config": {"seed": null}}, "bias_initializer": {"class_name": "Zeros", "config": {}}, "kernel_regularizer": null, "bias_regularizer": null, "activity_regularizer": null, "kernel_constraint": null, "bias_constraint": null, "depth_multiplier": 1, "depthwise_initializer": {"class_name": "GlorotUniform", "config": {"seed": null}}, "pointwise_initializer": {"class_name": "GlorotUniform", "config": {"seed": null}}, "depthwise_regularizer": null, "pointwise_regularizer": null, "depthwise_constraint": null, "pointwise_constraint": null}, "name": "block4_sepconv1", "inbound_nodes": [[["block4_sepconv1_act", 0, 0, {}]]]}, {"class_name": "BatchNormalization", "config": {"name": "block4_sepconv1_bn", "trainable": false, "dtype": "float32", "axis": [3], "momentum": 0.99, "epsilon": 0.001, "center": true, "scale": true, "beta_initializer": {"class_name": "Zeros", "config": {}}, "gamma_initializer": {"class_name": "Ones", "config": {}}, "moving_mean_initializer": {"class_name": "Zeros", "config": {}}, "moving_variance_initializer": {"class_name": "Ones", "config": {}}, "beta_regularizer": null, "gamma_regularizer": null, "beta_constraint": null, "gamma_constraint": null}, "name": "block4_sepconv1_bn", "inbound_nodes": [[["block4_sepconv1", 0, 0, {}]]]}, {"class_name": "Activation", "config": {"name": "block4_sepconv2_act", "trainable": false, "dtype": "float32", "activation": "relu"}, "name": "block4_sepconv2_act", "inbound_nodes": [[["block4_sepconv1_bn", 0, 0, {}]]]}, {"class_name": "SeparableConv2D", "config": {"name": "block4_sepconv2", "trainable": false, "dtype": "float32", "filters": 728, "kernel_size": [3, 3], "strides": [1, 1], "padding": "same", "data_format": "channels_last", "dilation_rate": [1, 1], "activation": "linear", "use_bias": false, "kernel_initializer": {"class_name": "GlorotUniform", "config": {"seed": null}}, "bias_initializer": {"class_name": "Zeros", "config": {}}, "kernel_regularizer": null, "bias_regularizer": null, "activity_regularizer": null, "kernel_constraint": null, "bias_constraint": null, "depth_multiplier": 1, "depthwise_initializer": {"class_name": "GlorotUniform", "config": {"seed": null}}, "pointwise_initializer": {"class_name": "GlorotUniform", "config": {"seed": null}}, "depthwise_regularizer": null, "pointwise_regularizer": null, "depthwise_constraint": null, "pointwise_constraint": null}, "name": "block4_sepconv2", "inbound_nodes": [[["block4_sepconv2_act", 0, 0, {}]]]}, {"class_name": "BatchNormalization", "config": {"name": "block4_sepconv2_bn", "trainable": false, "dtype": "float32", "axis": [3], "momentum": 0.99, "epsilon": 0.001, "center": true, "scale": true, "beta_initializer": {"class_name": "Zeros", "config": {}}, "gamma_initializer": {"class_name": "Ones", "config": {}}, "moving_mean_initializer": {"class_name": "Zeros", "config": {}}, "moving_variance_initializer": {"class_name": "Ones", "config": {}}, "beta_regularizer": null, "gamma_regularizer": null, "beta_constraint": null, "gamma_constraint": null}, "name": "block4_sepconv2_bn", "inbound_nodes": [[["block4_sepconv2", 0, 0, {}]]]}, {"class_name": "Conv2D", "config": {"name": "conv2d_2", "trainable": false, "dtype": "float32", "filters": 728, "kernel_size": [1, 1], "strides": [2, 2], "padding": "same", "data_format": "channels_last", "dilation_rate": [1, 1], "activation": "linear", "use_bias": false, "kernel_initializer": {"class_name": "GlorotUniform", "config": {"seed": null}}, "bias_initializer": {"class_name": "Zeros", "config": {}}, "kernel_regularizer": null, "bias_regularizer": null, "activity_regularizer": null, "kernel_constraint": null, "bias_constraint": null}, "name": "conv2d_2", "inbound_nodes": [[["add_1", 0, 0, {}]]]}, {"class_name": "MaxPooling2D", "config": {"name": "block4_pool", "trainable": false, "dtype": "float32", "pool_size": [3, 3], "padding": "same", "strides": [2, 2], "data_format": "channels_last"}, "name": "block4_pool", "inbound_nodes": [[["block4_sepconv2_bn", 0, 0, {}]]]}, {"class_name": "BatchNormalization", "config": {"name": "batch_normalization_2", "trainable": false, "dtype": "float32", "axis": [3], "momentum": 0.99, "epsilon": 0.001, "center": true, "scale": true, "beta_initializer": {"class_name": "Zeros", "config": {}}, "gamma_initializer": {"class_name": "Ones", "config": {}}, "moving_mean_initializer": {"class_name": "Zeros", "config": {}}, "moving_variance_initializer": {"class_name": "Ones", "config": {}}, "beta_regularizer": null, "gamma_regularizer": null, "beta_constraint": null, "gamma_constraint": null}, "name": "batch_normalization_2", "inbound_nodes": [[["conv2d_2", 0, 0, {}]]]}, {"class_name": "Add", "config": {"name": "add_2", "trainable": false, "dtype": "float32"}, "name": "add_2", "inbound_nodes": [[["block4_pool", 0, 0, {}], ["batch_normalization_2", 0, 0, {}]]]}, {"class_name": "Activation", "config": {"name": "block5_sepconv1_act", "trainable": false, "dtype": "float32", "activation": "relu"}, "name": "block5_sepconv1_act", "inbound_nodes": [[["add_2", 0, 0, {}]]]}, {"class_name": "SeparableConv2D", "config": {"name": "block5_sepconv1", "trainable": false, "dtype": "float32", "filters": 728, "kernel_size": [3, 3], "strides": [1, 1], "padding": "same", "data_format": "channels_last", "dilation_rate": [1, 1], "activation": "linear", "use_bias": false, "kernel_initializer": {"class_name": "GlorotUniform", "config": {"seed": null}}, "bias_initializer": {"class_name": "Zeros", "config": {}}, "kernel_regularizer": null, "bias_regularizer": null, "activity_regularizer": null, "kernel_constraint": null, "bias_constraint": null, "depth_multiplier": 1, "depthwise_initializer": {"class_name": "GlorotUniform", "config": {"seed": null}}, "pointwise_initializer": {"class_name": "GlorotUniform", "config": {"seed": null}}, "depthwise_regularizer": null, "pointwise_regularizer": null, "depthwise_constraint": null, "pointwise_constraint": null}, "name": "block5_sepconv1", "inbound_nodes": [[["block5_sepconv1_act", 0, 0, {}]]]}, {"class_name": "BatchNormalization", "config": {"name": "block5_sepconv1_bn", "trainable": false, "dtype": "float32", "axis": [3], "momentum": 0.99, "epsilon": 0.001, "center": true, "scale": true, "beta_initializer": {"class_name": "Zeros", "config": {}}, "gamma_initializer": {"class_name": "Ones", "config": {}}, "moving_mean_initializer": {"class_name": "Zeros", "config": {}}, "moving_variance_initializer": {"class_name": "Ones", "config": {}}, "beta_regularizer": null, "gamma_regularizer": null, "beta_constraint": null, "gamma_constraint": null}, "name": "block5_sepconv1_bn", "inbound_nodes": [[["block5_sepconv1", 0, 0, {}]]]}, {"class_name": "Activation", "config": {"name": "block5_sepconv2_act", "trainable": false, "dtype": "float32", "activation": "relu"}, "name": "block5_sepconv2_act", "inbound_nodes": [[["block5_sepconv1_bn", 0, 0, {}]]]}, {"class_name": "SeparableConv2D", "config": {"name": "block5_sepconv2", "trainable": false, "dtype": "float32", "filters": 728, "kernel_size": [3, 3], "strides": [1, 1], "padding": "same", "data_format": "channels_last", "dilation_rate": [1, 1], "activation": "linear", "use_bias": false, "kernel_initializer": {"class_name": "GlorotUniform", "config": {"seed": null}}, "bias_initializer": {"class_name": "Zeros", "config": {}}, "kernel_regularizer": null, "bias_regularizer": null, "activity_regularizer": null, "kernel_constraint": null, "bias_constraint": null, "depth_multiplier": 1, "depthwise_initializer": {"class_name": "GlorotUniform", "config": {"seed": null}}, "pointwise_initializer": {"class_name": "GlorotUniform", "config": {"seed": null}}, "depthwise_regularizer": null, "pointwise_regularizer": null, "depthwise_constraint": null, "pointwise_constraint": null}, "name": "block5_sepconv2", "inbound_nodes": [[["block5_sepconv2_act", 0, 0, {}]]]}, {"class_name": "BatchNormalization", "config": {"name": "block5_sepconv2_bn", "trainable": false, "dtype": "float32", "axis": [3], "momentum": 0.99, "epsilon": 0.001, "center": true, "scale": true, "beta_initializer": {"class_name": "Zeros", "config": {}}, "gamma_initializer": {"class_name": "Ones", "config": {}}, "moving_mean_initializer": {"class_name": "Zeros", "config": {}}, "moving_variance_initializer": {"class_name": "Ones", "config": {}}, "beta_regularizer": null, "gamma_regularizer": null, "beta_constraint": null, "gamma_constraint": null}, "name": "block5_sepconv2_bn", "inbound_nodes": [[["block5_sepconv2", 0, 0, {}]]]}, {"class_name": "Activation", "config": {"name": "block5_sepconv3_act", "trainable": false, "dtype": "float32", "activation": "relu"}, "name": "block5_sepconv3_act", "inbound_nodes": [[["block5_sepconv2_bn", 0, 0, {}]]]}, {"class_name": "SeparableConv2D", "config": {"name": "block5_sepconv3", "trainable": false, "dtype": "float32", "filters": 728, "kernel_size": [3, 3], "strides": [1, 1], "padding": "same", "data_format": "channels_last", "dilation_rate": [1, 1], "activation": "linear", "use_bias": false, "kernel_initializer": {"class_name": "GlorotUniform", "config": {"seed": null}}, "bias_initializer": {"class_name": "Zeros", "config": {}}, "kernel_regularizer": null, "bias_regularizer": null, "activity_regularizer": null, "kernel_constraint": null, "bias_constraint": null, "depth_multiplier": 1, "depthwise_initializer": {"class_name": "GlorotUniform", "config": {"seed": null}}, "pointwise_initializer": {"class_name": "GlorotUniform", "config": {"seed": null}}, "depthwise_regularizer": null, "pointwise_regularizer": null, "depthwise_constraint": null, "pointwise_constraint": null}, "name": "block5_sepconv3", "inbound_nodes": [[["block5_sepconv3_act", 0, 0, {}]]]}, {"class_name": "BatchNormalization", "config": {"name": "block5_sepconv3_bn", "trainable": false, "dtype": "float32", "axis": [3], "momentum": 0.99, "epsilon": 0.001, "center": true, "scale": true, "beta_initializer": {"class_name": "Zeros", "config": {}}, "gamma_initializer": {"class_name": "Ones", "config": {}}, "moving_mean_initializer": {"class_name": "Zeros", "config": {}}, "moving_variance_initializer": {"class_name": "Ones", "config": {}}, "beta_regularizer": null, "gamma_regularizer": null, "beta_constraint": null, "gamma_constraint": null}, "name": "block5_sepconv3_bn", "inbound_nodes": [[["block5_sepconv3", 0, 0, {}]]]}, {"class_name": "Add", "config": {"name": "add_3", "trainable": false, "dtype": "float32"}, "name": "add_3", "inbound_nodes": [[["block5_sepconv3_bn", 0, 0, {}], ["add_2", 0, 0, {}]]]}, {"class_name": "Activation", "config": {"name": "block6_sepconv1_act", "trainable": false, "dtype": "float32", "activation": "relu"}, "name": "block6_sepconv1_act", "inbound_nodes": [[["add_3", 0, 0, {}]]]}, {"class_name": "SeparableConv2D", "config": {"name": "block6_sepconv1", "trainable": false, "dtype": "float32", "filters": 728, "kernel_size": [3, 3], "strides": [1, 1], "padding": "same", "data_format": "channels_last", "dilation_rate": [1, 1], "activation": "linear", "use_bias": false, "kernel_initializer": {"class_name": "GlorotUniform", "config": {"seed": null}}, "bias_initializer": {"class_name": "Zeros", "config": {}}, "kernel_regularizer": null, "bias_regularizer": null, "activity_regularizer": null, "kernel_constraint": null, "bias_constraint": null, "depth_multiplier": 1, "depthwise_initializer": {"class_name": "GlorotUniform", "config": {"seed": null}}, "pointwise_initializer": {"class_name": "GlorotUniform", "config": {"seed": null}}, "depthwise_regularizer": null, "pointwise_regularizer": null, "depthwise_constraint": null, "pointwise_constraint": null}, "name": "block6_sepconv1", "inbound_nodes": [[["block6_sepconv1_act", 0, 0, {}]]]}, {"class_name": "BatchNormalization", "config": {"name": "block6_sepconv1_bn", "trainable": false, "dtype": "float32", "axis": [3], "momentum": 0.99, "epsilon": 0.001, "center": true, "scale": true, "beta_initializer": {"class_name": "Zeros", "config": {}}, "gamma_initializer": {"class_name": "Ones", "config": {}}, "moving_mean_initializer": {"class_name": "Zeros", "config": {}}, "moving_variance_initializer": {"class_name": "Ones", "config": {}}, "beta_regularizer": null, "gamma_regularizer": null, "beta_constraint": null, "gamma_constraint": null}, "name": "block6_sepconv1_bn", "inbound_nodes": [[["block6_sepconv1", 0, 0, {}]]]}, {"class_name": "Activation", "config": {"name": "block6_sepconv2_act", "trainable": false, "dtype": "float32", "activation": "relu"}, "name": "block6_sepconv2_act", "inbound_nodes": [[["block6_sepconv1_bn", 0, 0, {}]]]}, {"class_name": "SeparableConv2D", "config": {"name": "block6_sepconv2", "trainable": false, "dtype": "float32", "filters": 728, "kernel_size": [3, 3], "strides": [1, 1], "padding": "same", "data_format": "channels_last", "dilation_rate": [1, 1], "activation": "linear", "use_bias": false, "kernel_initializer": {"class_name": "GlorotUniform", "config": {"seed": null}}, "bias_initializer": {"class_name": "Zeros", "config": {}}, "kernel_regularizer": null, "bias_regularizer": null, "activity_regularizer": null, "kernel_constraint": null, "bias_constraint": null, "depth_multiplier": 1, "depthwise_initializer": {"class_name": "GlorotUniform", "config": {"seed": null}}, "pointwise_initializer": {"class_name": "GlorotUniform", "config": {"seed": null}}, "depthwise_regularizer": null, "pointwise_regularizer": null, "depthwise_constraint": null, "pointwise_constraint": null}, "name": "block6_sepconv2", "inbound_nodes": [[["block6_sepconv2_act", 0, 0, {}]]]}, {"class_name": "BatchNormalization", "config": {"name": "block6_sepconv2_bn", "trainable": false, "dtype": "float32", "axis": [3], "momentum": 0.99, "epsilon": 0.001, "center": true, "scale": true, "beta_initializer": {"class_name": "Zeros", "config": {}}, "gamma_initializer": {"class_name": "Ones", "config": {}}, "moving_mean_initializer": {"class_name": "Zeros", "config": {}}, "moving_variance_initializer": {"class_name": "Ones", "config": {}}, "beta_regularizer": null, "gamma_regularizer": null, "beta_constraint": null, "gamma_constraint": null}, "name": "block6_sepconv2_bn", "inbound_nodes": [[["block6_sepconv2", 0, 0, {}]]]}, {"class_name": "Activation", "config": {"name": "block6_sepconv3_act", "trainable": false, "dtype": "float32", "activation": "relu"}, "name": "block6_sepconv3_act", "inbound_nodes": [[["block6_sepconv2_bn", 0, 0, {}]]]}, {"class_name": "SeparableConv2D", "config": {"name": "block6_sepconv3", "trainable": false, "dtype": "float32", "filters": 728, "kernel_size": [3, 3], "strides": [1, 1], "padding": "same", "data_format": "channels_last", "dilation_rate": [1, 1], "activation": "linear", "use_bias": false, "kernel_initializer": {"class_name": "GlorotUniform", "config": {"seed": null}}, "bias_initializer": {"class_name": "Zeros", "config": {}}, "kernel_regularizer": null, "bias_regularizer": null, "activity_regularizer": null, "kernel_constraint": null, "bias_constraint": null, "depth_multiplier": 1, "depthwise_initializer": {"class_name": "GlorotUniform", "config": {"seed": null}}, "pointwise_initializer": {"class_name": "GlorotUniform", "config": {"seed": null}}, "depthwise_regularizer": null, "pointwise_regularizer": null, "depthwise_constraint": null, "pointwise_constraint": null}, "name": "block6_sepconv3", "inbound_nodes": [[["block6_sepconv3_act", 0, 0, {}]]]}, {"class_name": "BatchNormalization", "config": {"name": "block6_sepconv3_bn", "trainable": false, "dtype": "float32", "axis": [3], "momentum": 0.99, "epsilon": 0.001, "center": true, "scale": true, "beta_initializer": {"class_name": "Zeros", "config": {}}, "gamma_initializer": {"class_name": "Ones", "config": {}}, "moving_mean_initializer": {"class_name": "Zeros", "config": {}}, "moving_variance_initializer": {"class_name": "Ones", "config": {}}, "beta_regularizer": null, "gamma_regularizer": null, "beta_constraint": null, "gamma_constraint": null}, "name": "block6_sepconv3_bn", "inbound_nodes": [[["block6_sepconv3", 0, 0, {}]]]}, {"class_name": "Add", "config": {"name": "add_4", "trainable": false, "dtype": "float32"}, "name": "add_4", "inbound_nodes": [[["block6_sepconv3_bn", 0, 0, {}], ["add_3", 0, 0, {}]]]}, {"class_name": "Activation", "config": {"name": "block7_sepconv1_act", "trainable": false, "dtype": "float32", "activation": "relu"}, "name": "block7_sepconv1_act", "inbound_nodes": [[["add_4", 0, 0, {}]]]}, {"class_name": "SeparableConv2D", "config": {"name": "block7_sepconv1", "trainable": false, "dtype": "float32", "filters": 728, "kernel_size": [3, 3], "strides": [1, 1], "padding": "same", "data_format": "channels_last", "dilation_rate": [1, 1], "activation": "linear", "use_bias": false, "kernel_initializer": {"class_name": "GlorotUniform", "config": {"seed": null}}, "bias_initializer": {"class_name": "Zeros", "config": {}}, "kernel_regularizer": null, "bias_regularizer": null, "activity_regularizer": null, "kernel_constraint": null, "bias_constraint": null, "depth_multiplier": 1, "depthwise_initializer": {"class_name": "GlorotUniform", "config": {"seed": null}}, "pointwise_initializer": {"class_name": "GlorotUniform", "config": {"seed": null}}, "depthwise_regularizer": null, "pointwise_regularizer": null, "depthwise_constraint": null, "pointwise_constraint": null}, "name": "block7_sepconv1", "inbound_nodes": [[["block7_sepconv1_act", 0, 0, {}]]]}, {"class_name": "BatchNormalization", "config": {"name": "block7_sepconv1_bn", "trainable": false, "dtype": "float32", "axis": [3], "momentum": 0.99, "epsilon": 0.001, "center": true, "scale": true, "beta_initializer": {"class_name": "Zeros", "config": {}}, "gamma_initializer": {"class_name": "Ones", "config": {}}, "moving_mean_initializer": {"class_name": "Zeros", "config": {}}, "moving_variance_initializer": {"class_name": "Ones", "config": {}}, "beta_regularizer": null, "gamma_regularizer": null, "beta_constraint": null, "gamma_constraint": null}, "name": "block7_sepconv1_bn", "inbound_nodes": [[["block7_sepconv1", 0, 0, {}]]]}, {"class_name": "Activation", "config": {"name": "block7_sepconv2_act", "trainable": false, "dtype": "float32", "activation": "relu"}, "name": "block7_sepconv2_act", "inbound_nodes": [[["block7_sepconv1_bn", 0, 0, {}]]]}, {"class_name": "SeparableConv2D", "config": {"name": "block7_sepconv2", "trainable": false, "dtype": "float32", "filters": 728, "kernel_size": [3, 3], "strides": [1, 1], "padding": "same", "data_format": "channels_last", "dilation_rate": [1, 1], "activation": "linear", "use_bias": false, "kernel_initializer": {"class_name": "GlorotUniform", "config": {"seed": null}}, "bias_initializer": {"class_name": "Zeros", "config": {}}, "kernel_regularizer": null, "bias_regularizer": null, "activity_regularizer": null, "kernel_constraint": null, "bias_constraint": null, "depth_multiplier": 1, "depthwise_initializer": {"class_name": "GlorotUniform", "config": {"seed": null}}, "pointwise_initializer": {"class_name": "GlorotUniform", "config": {"seed": null}}, "depthwise_regularizer": null, "pointwise_regularizer": null, "depthwise_constraint": null, "pointwise_constraint": null}, "name": "block7_sepconv2", "inbound_nodes": [[["block7_sepconv2_act", 0, 0, {}]]]}, {"class_name": "BatchNormalization", "config": {"name": "block7_sepconv2_bn", "trainable": false, "dtype": "float32", "axis": [3], "momentum": 0.99, "epsilon": 0.001, "center": true, "scale": true, "beta_initializer": {"class_name": "Zeros", "config": {}}, "gamma_initializer": {"class_name": "Ones", "config": {}}, "moving_mean_initializer": {"class_name": "Zeros", "config": {}}, "moving_variance_initializer": {"class_name": "Ones", "config": {}}, "beta_regularizer": null, "gamma_regularizer": null, "beta_constraint": null, "gamma_constraint": null}, "name": "block7_sepconv2_bn", "inbound_nodes": [[["block7_sepconv2", 0, 0, {}]]]}, {"class_name": "Activation", "config": {"name": "block7_sepconv3_act", "trainable": false, "dtype": "float32", "activation": "relu"}, "name": "block7_sepconv3_act", "inbound_nodes": [[["block7_sepconv2_bn", 0, 0, {}]]]}, {"class_name": "SeparableConv2D", "config": {"name": "block7_sepconv3", "trainable": false, "dtype": "float32", "filters": 728, "kernel_size": [3, 3], "strides": [1, 1], "padding": "same", "data_format": "channels_last", "dilation_rate": [1, 1], "activation": "linear", "use_bias": false, "kernel_initializer": {"class_name": "GlorotUniform", "config": {"seed": null}}, "bias_initializer": {"class_name": "Zeros", "config": {}}, "kernel_regularizer": null, "bias_regularizer": null, "activity_regularizer": null, "kernel_constraint": null, "bias_constraint": null, "depth_multiplier": 1, "depthwise_initializer": {"class_name": "GlorotUniform", "config": {"seed": null}}, "pointwise_initializer": {"class_name": "GlorotUniform", "config": {"seed": null}}, "depthwise_regularizer": null, "pointwise_regularizer": null, "depthwise_constraint": null, "pointwise_constraint": null}, "name": "block7_sepconv3", "inbound_nodes": [[["block7_sepconv3_act", 0, 0, {}]]]}, {"class_name": "BatchNormalization", "config": {"name": "block7_sepconv3_bn", "trainable": false, "dtype": "float32", "axis": [3], "momentum": 0.99, "epsilon": 0.001, "center": true, "scale": true, "beta_initializer": {"class_name": "Zeros", "config": {}}, "gamma_initializer": {"class_name": "Ones", "config": {}}, "moving_mean_initializer": {"class_name": "Zeros", "config": {}}, "moving_variance_initializer": {"class_name": "Ones", "config": {}}, "beta_regularizer": null, "gamma_regularizer": null, "beta_constraint": null, "gamma_constraint": null}, "name": "block7_sepconv3_bn", "inbound_nodes": [[["block7_sepconv3", 0, 0, {}]]]}, {"class_name": "Add", "config": {"name": "add_5", "trainable": false, "dtype": "float32"}, "name": "add_5", "inbound_nodes": [[["block7_sepconv3_bn", 0, 0, {}], ["add_4", 0, 0, {}]]]}, {"class_name": "Activation", "config": {"name": "block8_sepconv1_act", "trainable": false, "dtype": "float32", "activation": "relu"}, "name": "block8_sepconv1_act", "inbound_nodes": [[["add_5", 0, 0, {}]]]}, {"class_name": "SeparableConv2D", "config": {"name": "block8_sepconv1", "trainable": false, "dtype": "float32", "filters": 728, "kernel_size": [3, 3], "strides": [1, 1], "padding": "same", "data_format": "channels_last", "dilation_rate": [1, 1], "activation": "linear", "use_bias": false, "kernel_initializer": {"class_name": "GlorotUniform", "config": {"seed": null}}, "bias_initializer": {"class_name": "Zeros", "config": {}}, "kernel_regularizer": null, "bias_regularizer": null, "activity_regularizer": null, "kernel_constraint": null, "bias_constraint": null, "depth_multiplier": 1, "depthwise_initializer": {"class_name": "GlorotUniform", "config": {"seed": null}}, "pointwise_initializer": {"class_name": "GlorotUniform", "config": {"seed": null}}, "depthwise_regularizer": null, "pointwise_regularizer": null, "depthwise_constraint": null, "pointwise_constraint": null}, "name": "block8_sepconv1", "inbound_nodes": [[["block8_sepconv1_act", 0, 0, {}]]]}, {"class_name": "BatchNormalization", "config": {"name": "block8_sepconv1_bn", "trainable": false, "dtype": "float32", "axis": [3], "momentum": 0.99, "epsilon": 0.001, "center": true, "scale": true, "beta_initializer": {"class_name": "Zeros", "config": {}}, "gamma_initializer": {"class_name": "Ones", "config": {}}, "moving_mean_initializer": {"class_name": "Zeros", "config": {}}, "moving_variance_initializer": {"class_name": "Ones", "config": {}}, "beta_regularizer": null, "gamma_regularizer": null, "beta_constraint": null, "gamma_constraint": null}, "name": "block8_sepconv1_bn", "inbound_nodes": [[["block8_sepconv1", 0, 0, {}]]]}, {"class_name": "Activation", "config": {"name": "block8_sepconv2_act", "trainable": false, "dtype": "float32", "activation": "relu"}, "name": "block8_sepconv2_act", "inbound_nodes": [[["block8_sepconv1_bn", 0, 0, {}]]]}, {"class_name": "SeparableConv2D", "config": {"name": "block8_sepconv2", "trainable": false, "dtype": "float32", "filters": 728, "kernel_size": [3, 3], "strides": [1, 1], "padding": "same", "data_format": "channels_last", "dilation_rate": [1, 1], "activation": "linear", "use_bias": false, "kernel_initializer": {"class_name": "GlorotUniform", "config": {"seed": null}}, "bias_initializer": {"class_name": "Zeros", "config": {}}, "kernel_regularizer": null, "bias_regularizer": null, "activity_regularizer": null, "kernel_constraint": null, "bias_constraint": null, "depth_multiplier": 1, "depthwise_initializer": {"class_name": "GlorotUniform", "config": {"seed": null}}, "pointwise_initializer": {"class_name": "GlorotUniform", "config": {"seed": null}}, "depthwise_regularizer": null, "pointwise_regularizer": null, "depthwise_constraint": null, "pointwise_constraint": null}, "name": "block8_sepconv2", "inbound_nodes": [[["block8_sepconv2_act", 0, 0, {}]]]}, {"class_name": "BatchNormalization", "config": {"name": "block8_sepconv2_bn", "trainable": false, "dtype": "float32", "axis": [3], "momentum": 0.99, "epsilon": 0.001, "center": true, "scale": true, "beta_initializer": {"class_name": "Zeros", "config": {}}, "gamma_initializer": {"class_name": "Ones", "config": {}}, "moving_mean_initializer": {"class_name": "Zeros", "config": {}}, "moving_variance_initializer": {"class_name": "Ones", "config": {}}, "beta_regularizer": null, "gamma_regularizer": null, "beta_constraint": null, "gamma_constraint": null}, "name": "block8_sepconv2_bn", "inbound_nodes": [[["block8_sepconv2", 0, 0, {}]]]}, {"class_name": "Activation", "config": {"name": "block8_sepconv3_act", "trainable": false, "dtype": "float32", "activation": "relu"}, "name": "block8_sepconv3_act", "inbound_nodes": [[["block8_sepconv2_bn", 0, 0, {}]]]}, {"class_name": "SeparableConv2D", "config": {"name": "block8_sepconv3", "trainable": false, "dtype": "float32", "filters": 728, "kernel_size": [3, 3], "strides": [1, 1], "padding": "same", "data_format": "channels_last", "dilation_rate": [1, 1], "activation": "linear", "use_bias": false, "kernel_initializer": {"class_name": "GlorotUniform", "config": {"seed": null}}, "bias_initializer": {"class_name": "Zeros", "config": {}}, "kernel_regularizer": null, "bias_regularizer": null, "activity_regularizer": null, "kernel_constraint": null, "bias_constraint": null, "depth_multiplier": 1, "depthwise_initializer": {"class_name": "GlorotUniform", "config": {"seed": null}}, "pointwise_initializer": {"class_name": "GlorotUniform", "config": {"seed": null}}, "depthwise_regularizer": null, "pointwise_regularizer": null, "depthwise_constraint": null, "pointwise_constraint": null}, "name": "block8_sepconv3", "inbound_nodes": [[["block8_sepconv3_act", 0, 0, {}]]]}, {"class_name": "BatchNormalization", "config": {"name": "block8_sepconv3_bn", "trainable": false, "dtype": "float32", "axis": [3], "momentum": 0.99, "epsilon": 0.001, "center": true, "scale": true, "beta_initializer": {"class_name": "Zeros", "config": {}}, "gamma_initializer": {"class_name": "Ones", "config": {}}, "moving_mean_initializer": {"class_name": "Zeros", "config": {}}, "moving_variance_initializer": {"class_name": "Ones", "config": {}}, "beta_regularizer": null, "gamma_regularizer": null, "beta_constraint": null, "gamma_constraint": null}, "name": "block8_sepconv3_bn", "inbound_nodes": [[["block8_sepconv3", 0, 0, {}]]]}, {"class_name": "Add", "config": {"name": "add_6", "trainable": false, "dtype": "float32"}, "name": "add_6", "inbound_nodes": [[["block8_sepconv3_bn", 0, 0, {}], ["add_5", 0, 0, {}]]]}, {"class_name": "Activation", "config": {"name": "block9_sepconv1_act", "trainable": false, "dtype": "float32", "activation": "relu"}, "name": "block9_sepconv1_act", "inbound_nodes": [[["add_6", 0, 0, {}]]]}, {"class_name": "SeparableConv2D", "config": {"name": "block9_sepconv1", "trainable": false, "dtype": "float32", "filters": 728, "kernel_size": [3, 3], "strides": [1, 1], "padding": "same", "data_format": "channels_last", "dilation_rate": [1, 1], "activation": "linear", "use_bias": false, "kernel_initializer": {"class_name": "GlorotUniform", "config": {"seed": null}}, "bias_initializer": {"class_name": "Zeros", "config": {}}, "kernel_regularizer": null, "bias_regularizer": null, "activity_regularizer": null, "kernel_constraint": null, "bias_constraint": null, "depth_multiplier": 1, "depthwise_initializer": {"class_name": "GlorotUniform", "config": {"seed": null}}, "pointwise_initializer": {"class_name": "GlorotUniform", "config": {"seed": null}}, "depthwise_regularizer": null, "pointwise_regularizer": null, "depthwise_constraint": null, "pointwise_constraint": null}, "name": "block9_sepconv1", "inbound_nodes": [[["block9_sepconv1_act", 0, 0, {}]]]}, {"class_name": "BatchNormalization", "config": {"name": "block9_sepconv1_bn", "trainable": false, "dtype": "float32", "axis": [3], "momentum": 0.99, "epsilon": 0.001, "center": true, "scale": true, "beta_initializer": {"class_name": "Zeros", "config": {}}, "gamma_initializer": {"class_name": "Ones", "config": {}}, "moving_mean_initializer": {"class_name": "Zeros", "config": {}}, "moving_variance_initializer": {"class_name": "Ones", "config": {}}, "beta_regularizer": null, "gamma_regularizer": null, "beta_constraint": null, "gamma_constraint": null}, "name": "block9_sepconv1_bn", "inbound_nodes": [[["block9_sepconv1", 0, 0, {}]]]}, {"class_name": "Activation", "config": {"name": "block9_sepconv2_act", "trainable": false, "dtype": "float32", "activation": "relu"}, "name": "block9_sepconv2_act", "inbound_nodes": [[["block9_sepconv1_bn", 0, 0, {}]]]}, {"class_name": "SeparableConv2D", "config": {"name": "block9_sepconv2", "trainable": false, "dtype": "float32", "filters": 728, "kernel_size": [3, 3], "strides": [1, 1], "padding": "same", "data_format": "channels_last", "dilation_rate": [1, 1], "activation": "linear", "use_bias": false, "kernel_initializer": {"class_name": "GlorotUniform", "config": {"seed": null}}, "bias_initializer": {"class_name": "Zeros", "config": {}}, "kernel_regularizer": null, "bias_regularizer": null, "activity_regularizer": null, "kernel_constraint": null, "bias_constraint": null, "depth_multiplier": 1, "depthwise_initializer": {"class_name": "GlorotUniform", "config": {"seed": null}}, "pointwise_initializer": {"class_name": "GlorotUniform", "config": {"seed": null}}, "depthwise_regularizer": null, "pointwise_regularizer": null, "depthwise_constraint": null, "pointwise_constraint": null}, "name": "block9_sepconv2", "inbound_nodes": [[["block9_sepconv2_act", 0, 0, {}]]]}, {"class_name": "BatchNormalization", "config": {"name": "block9_sepconv2_bn", "trainable": false, "dtype": "float32", "axis": [3], "momentum": 0.99, "epsilon": 0.001, "center": true, "scale": true, "beta_initializer": {"class_name": "Zeros", "config": {}}, "gamma_initializer": {"class_name": "Ones", "config": {}}, "moving_mean_initializer": {"class_name": "Zeros", "config": {}}, "moving_variance_initializer": {"class_name": "Ones", "config": {}}, "beta_regularizer": null, "gamma_regularizer": null, "beta_constraint": null, "gamma_constraint": null}, "name": "block9_sepconv2_bn", "inbound_nodes": [[["block9_sepconv2", 0, 0, {}]]]}, {"class_name": "Activation", "config": {"name": "block9_sepconv3_act", "trainable": false, "dtype": "float32", "activation": "relu"}, "name": "block9_sepconv3_act", "inbound_nodes": [[["block9_sepconv2_bn", 0, 0, {}]]]}, {"class_name": "SeparableConv2D", "config": {"name": "block9_sepconv3", "trainable": false, "dtype": "float32", "filters": 728, "kernel_size": [3, 3], "strides": [1, 1], "padding": "same", "data_format": "channels_last", "dilation_rate": [1, 1], "activation": "linear", "use_bias": false, "kernel_initializer": {"class_name": "GlorotUniform", "config": {"seed": null}}, "bias_initializer": {"class_name": "Zeros", "config": {}}, "kernel_regularizer": null, "bias_regularizer": null, "activity_regularizer": null, "kernel_constraint": null, "bias_constraint": null, "depth_multiplier": 1, "depthwise_initializer": {"class_name": "GlorotUniform", "config": {"seed": null}}, "pointwise_initializer": {"class_name": "GlorotUniform", "config": {"seed": null}}, "depthwise_regularizer": null, "pointwise_regularizer": null, "depthwise_constraint": null, "pointwise_constraint": null}, "name": "block9_sepconv3", "inbound_nodes": [[["block9_sepconv3_act", 0, 0, {}]]]}, {"class_name": "BatchNormalization", "config": {"name": "block9_sepconv3_bn", "trainable": false, "dtype": "float32", "axis": [3], "momentum": 0.99, "epsilon": 0.001, "center": true, "scale": true, "beta_initializer": {"class_name": "Zeros", "config": {}}, "gamma_initializer": {"class_name": "Ones", "config": {}}, "moving_mean_initializer": {"class_name": "Zeros", "config": {}}, "moving_variance_initializer": {"class_name": "Ones", "config": {}}, "beta_regularizer": null, "gamma_regularizer": null, "beta_constraint": null, "gamma_constraint": null}, "name": "block9_sepconv3_bn", "inbound_nodes": [[["block9_sepconv3", 0, 0, {}]]]}, {"class_name": "Add", "config": {"name": "add_7", "trainable": false, "dtype": "float32"}, "name": "add_7", "inbound_nodes": [[["block9_sepconv3_bn", 0, 0, {}], ["add_6", 0, 0, {}]]]}, {"class_name": "Activation", "config": {"name": "block10_sepconv1_act", "trainable": false, "dtype": "float32", "activation": "relu"}, "name": "block10_sepconv1_act", "inbound_nodes": [[["add_7", 0, 0, {}]]]}, {"class_name": "SeparableConv2D", "config": {"name": "block10_sepconv1", "trainable": false, "dtype": "float32", "filters": 728, "kernel_size": [3, 3], "strides": [1, 1], "padding": "same", "data_format": "channels_last", "dilation_rate": [1, 1], "activation": "linear", "use_bias": false, "kernel_initializer": {"class_name": "GlorotUniform", "config": {"seed": null}}, "bias_initializer": {"class_name": "Zeros", "config": {}}, "kernel_regularizer": null, "bias_regularizer": null, "activity_regularizer": null, "kernel_constraint": null, "bias_constraint": null, "depth_multiplier": 1, "depthwise_initializer": {"class_name": "GlorotUniform", "config": {"seed": null}}, "pointwise_initializer": {"class_name": "GlorotUniform", "config": {"seed": null}}, "depthwise_regularizer": null, "pointwise_regularizer": null, "depthwise_constraint": null, "pointwise_constraint": null}, "name": "block10_sepconv1", "inbound_nodes": [[["block10_sepconv1_act", 0, 0, {}]]]}, {"class_name": "BatchNormalization", "config": {"name": "block10_sepconv1_bn", "trainable": false, "dtype": "float32", "axis": [3], "momentum": 0.99, "epsilon": 0.001, "center": true, "scale": true, "beta_initializer": {"class_name": "Zeros", "config": {}}, "gamma_initializer": {"class_name": "Ones", "config": {}}, "moving_mean_initializer": {"class_name": "Zeros", "config": {}}, "moving_variance_initializer": {"class_name": "Ones", "config": {}}, "beta_regularizer": null, "gamma_regularizer": null, "beta_constraint": null, "gamma_constraint": null}, "name": "block10_sepconv1_bn", "inbound_nodes": [[["block10_sepconv1", 0, 0, {}]]]}, {"class_name": "Activation", "config": {"name": "block10_sepconv2_act", "trainable": false, "dtype": "float32", "activation": "relu"}, "name": "block10_sepconv2_act", "inbound_nodes": [[["block10_sepconv1_bn", 0, 0, {}]]]}, {"class_name": "SeparableConv2D", "config": {"name": "block10_sepconv2", "trainable": false, "dtype": "float32", "filters": 728, "kernel_size": [3, 3], "strides": [1, 1], "padding": "same", "data_format": "channels_last", "dilation_rate": [1, 1], "activation": "linear", "use_bias": false, "kernel_initializer": {"class_name": "GlorotUniform", "config": {"seed": null}}, "bias_initializer": {"class_name": "Zeros", "config": {}}, "kernel_regularizer": null, "bias_regularizer": null, "activity_regularizer": null, "kernel_constraint": null, "bias_constraint": null, "depth_multiplier": 1, "depthwise_initializer": {"class_name": "GlorotUniform", "config": {"seed": null}}, "pointwise_initializer": {"class_name": "GlorotUniform", "config": {"seed": null}}, "depthwise_regularizer": null, "pointwise_regularizer": null, "depthwise_constraint": null, "pointwise_constraint": null}, "name": "block10_sepconv2", "inbound_nodes": [[["block10_sepconv2_act", 0, 0, {}]]]}, {"class_name": "BatchNormalization", "config": {"name": "block10_sepconv2_bn", "trainable": false, "dtype": "float32", "axis": [3], "momentum": 0.99, "epsilon": 0.001, "center": true, "scale": true, "beta_initializer": {"class_name": "Zeros", "config": {}}, "gamma_initializer": {"class_name": "Ones", "config": {}}, "moving_mean_initializer": {"class_name": "Zeros", "config": {}}, "moving_variance_initializer": {"class_name": "Ones", "config": {}}, "beta_regularizer": null, "gamma_regularizer": null, "beta_constraint": null, "gamma_constraint": null}, "name": "block10_sepconv2_bn", "inbound_nodes": [[["block10_sepconv2", 0, 0, {}]]]}, {"class_name": "Activation", "config": {"name": "block10_sepconv3_act", "trainable": false, "dtype": "float32", "activation": "relu"}, "name": "block10_sepconv3_act", "inbound_nodes": [[["block10_sepconv2_bn", 0, 0, {}]]]}, {"class_name": "SeparableConv2D", "config": {"name": "block10_sepconv3", "trainable": false, "dtype": "float32", "filters": 728, "kernel_size": [3, 3], "strides": [1, 1], "padding": "same", "data_format": "channels_last", "dilation_rate": [1, 1], "activation": "linear", "use_bias": false, "kernel_initializer": {"class_name": "GlorotUniform", "config": {"seed": null}}, "bias_initializer": {"class_name": "Zeros", "config": {}}, "kernel_regularizer": null, "bias_regularizer": null, "activity_regularizer": null, "kernel_constraint": null, "bias_constraint": null, "depth_multiplier": 1, "depthwise_initializer": {"class_name": "GlorotUniform", "config": {"seed": null}}, "pointwise_initializer": {"class_name": "GlorotUniform", "config": {"seed": null}}, "depthwise_regularizer": null, "pointwise_regularizer": null, "depthwise_constraint": null, "pointwise_constraint": null}, "name": "block10_sepconv3", "inbound_nodes": [[["block10_sepconv3_act", 0, 0, {}]]]}, {"class_name": "BatchNormalization", "config": {"name": "block10_sepconv3_bn", "trainable": false, "dtype": "float32", "axis": [3], "momentum": 0.99, "epsilon": 0.001, "center": true, "scale": true, "beta_initializer": {"class_name": "Zeros", "config": {}}, "gamma_initializer": {"class_name": "Ones", "config": {}}, "moving_mean_initializer": {"class_name": "Zeros", "config": {}}, "moving_variance_initializer": {"class_name": "Ones", "config": {}}, "beta_regularizer": null, "gamma_regularizer": null, "beta_constraint": null, "gamma_constraint": null}, "name": "block10_sepconv3_bn", "inbound_nodes": [[["block10_sepconv3", 0, 0, {}]]]}, {"class_name": "Add", "config": {"name": "add_8", "trainable": false, "dtype": "float32"}, "name": "add_8", "inbound_nodes": [[["block10_sepconv3_bn", 0, 0, {}], ["add_7", 0, 0, {}]]]}, {"class_name": "Activation", "config": {"name": "block11_sepconv1_act", "trainable": false, "dtype": "float32", "activation": "relu"}, "name": "block11_sepconv1_act", "inbound_nodes": [[["add_8", 0, 0, {}]]]}, {"class_name": "SeparableConv2D", "config": {"name": "block11_sepconv1", "trainable": false, "dtype": "float32", "filters": 728, "kernel_size": [3, 3], "strides": [1, 1], "padding": "same", "data_format": "channels_last", "dilation_rate": [1, 1], "activation": "linear", "use_bias": false, "kernel_initializer": {"class_name": "GlorotUniform", "config": {"seed": null}}, "bias_initializer": {"class_name": "Zeros", "config": {}}, "kernel_regularizer": null, "bias_regularizer": null, "activity_regularizer": null, "kernel_constraint": null, "bias_constraint": null, "depth_multiplier": 1, "depthwise_initializer": {"class_name": "GlorotUniform", "config": {"seed": null}}, "pointwise_initializer": {"class_name": "GlorotUniform", "config": {"seed": null}}, "depthwise_regularizer": null, "pointwise_regularizer": null, "depthwise_constraint": null, "pointwise_constraint": null}, "name": "block11_sepconv1", "inbound_nodes": [[["block11_sepconv1_act", 0, 0, {}]]]}, {"class_name": "BatchNormalization", "config": {"name": "block11_sepconv1_bn", "trainable": false, "dtype": "float32", "axis": [3], "momentum": 0.99, "epsilon": 0.001, "center": true, "scale": true, "beta_initializer": {"class_name": "Zeros", "config": {}}, "gamma_initializer": {"class_name": "Ones", "config": {}}, "moving_mean_initializer": {"class_name": "Zeros", "config": {}}, "moving_variance_initializer": {"class_name": "Ones", "config": {}}, "beta_regularizer": null, "gamma_regularizer": null, "beta_constraint": null, "gamma_constraint": null}, "name": "block11_sepconv1_bn", "inbound_nodes": [[["block11_sepconv1", 0, 0, {}]]]}, {"class_name": "Activation", "config": {"name": "block11_sepconv2_act", "trainable": false, "dtype": "float32", "activation": "relu"}, "name": "block11_sepconv2_act", "inbound_nodes": [[["block11_sepconv1_bn", 0, 0, {}]]]}, {"class_name": "SeparableConv2D", "config": {"name": "block11_sepconv2", "trainable": false, "dtype": "float32", "filters": 728, "kernel_size": [3, 3], "strides": [1, 1], "padding": "same", "data_format": "channels_last", "dilation_rate": [1, 1], "activation": "linear", "use_bias": false, "kernel_initializer": {"class_name": "GlorotUniform", "config": {"seed": null}}, "bias_initializer": {"class_name": "Zeros", "config": {}}, "kernel_regularizer": null, "bias_regularizer": null, "activity_regularizer": null, "kernel_constraint": null, "bias_constraint": null, "depth_multiplier": 1, "depthwise_initializer": {"class_name": "GlorotUniform", "config": {"seed": null}}, "pointwise_initializer": {"class_name": "GlorotUniform", "config": {"seed": null}}, "depthwise_regularizer": null, "pointwise_regularizer": null, "depthwise_constraint": null, "pointwise_constraint": null}, "name": "block11_sepconv2", "inbound_nodes": [[["block11_sepconv2_act", 0, 0, {}]]]}, {"class_name": "BatchNormalization", "config": {"name": "block11_sepconv2_bn", "trainable": false, "dtype": "float32", "axis": [3], "momentum": 0.99, "epsilon": 0.001, "center": true, "scale": true, "beta_initializer": {"class_name": "Zeros", "config": {}}, "gamma_initializer": {"class_name": "Ones", "config": {}}, "moving_mean_initializer": {"class_name": "Zeros", "config": {}}, "moving_variance_initializer": {"class_name": "Ones", "config": {}}, "beta_regularizer": null, "gamma_regularizer": null, "beta_constraint": null, "gamma_constraint": null}, "name": "block11_sepconv2_bn", "inbound_nodes": [[["block11_sepconv2", 0, 0, {}]]]}, {"class_name": "Activation", "config": {"name": "block11_sepconv3_act", "trainable": false, "dtype": "float32", "activation": "relu"}, "name": "block11_sepconv3_act", "inbound_nodes": [[["block11_sepconv2_bn", 0, 0, {}]]]}, {"class_name": "SeparableConv2D", "config": {"name": "block11_sepconv3", "trainable": false, "dtype": "float32", "filters": 728, "kernel_size": [3, 3], "strides": [1, 1], "padding": "same", "data_format": "channels_last", "dilation_rate": [1, 1], "activation": "linear", "use_bias": false, "kernel_initializer": {"class_name": "GlorotUniform", "config": {"seed": null}}, "bias_initializer": {"class_name": "Zeros", "config": {}}, "kernel_regularizer": null, "bias_regularizer": null, "activity_regularizer": null, "kernel_constraint": null, "bias_constraint": null, "depth_multiplier": 1, "depthwise_initializer": {"class_name": "GlorotUniform", "config": {"seed": null}}, "pointwise_initializer": {"class_name": "GlorotUniform", "config": {"seed": null}}, "depthwise_regularizer": null, "pointwise_regularizer": null, "depthwise_constraint": null, "pointwise_constraint": null}, "name": "block11_sepconv3", "inbound_nodes": [[["block11_sepconv3_act", 0, 0, {}]]]}, {"class_name": "BatchNormalization", "config": {"name": "block11_sepconv3_bn", "trainable": false, "dtype": "float32", "axis": [3], "momentum": 0.99, "epsilon": 0.001, "center": true, "scale": true, "beta_initializer": {"class_name": "Zeros", "config": {}}, "gamma_initializer": {"class_name": "Ones", "config": {}}, "moving_mean_initializer": {"class_name": "Zeros", "config": {}}, "moving_variance_initializer": {"class_name": "Ones", "config": {}}, "beta_regularizer": null, "gamma_regularizer": null, "beta_constraint": null, "gamma_constraint": null}, "name": "block11_sepconv3_bn", "inbound_nodes": [[["block11_sepconv3", 0, 0, {}]]]}, {"class_name": "Add", "config": {"name": "add_9", "trainable": false, "dtype": "float32"}, "name": "add_9", "inbound_nodes": [[["block11_sepconv3_bn", 0, 0, {}], ["add_8", 0, 0, {}]]]}, {"class_name": "Activation", "config": {"name": "block12_sepconv1_act", "trainable": false, "dtype": "float32", "activation": "relu"}, "name": "block12_sepconv1_act", "inbound_nodes": [[["add_9", 0, 0, {}]]]}, {"class_name": "SeparableConv2D", "config": {"name": "block12_sepconv1", "trainable": false, "dtype": "float32", "filters": 728, "kernel_size": [3, 3], "strides": [1, 1], "padding": "same", "data_format": "channels_last", "dilation_rate": [1, 1], "activation": "linear", "use_bias": false, "kernel_initializer": {"class_name": "GlorotUniform", "config": {"seed": null}}, "bias_initializer": {"class_name": "Zeros", "config": {}}, "kernel_regularizer": null, "bias_regularizer": null, "activity_regularizer": null, "kernel_constraint": null, "bias_constraint": null, "depth_multiplier": 1, "depthwise_initializer": {"class_name": "GlorotUniform", "config": {"seed": null}}, "pointwise_initializer": {"class_name": "GlorotUniform", "config": {"seed": null}}, "depthwise_regularizer": null, "pointwise_regularizer": null, "depthwise_constraint": null, "pointwise_constraint": null}, "name": "block12_sepconv1", "inbound_nodes": [[["block12_sepconv1_act", 0, 0, {}]]]}, {"class_name": "BatchNormalization", "config": {"name": "block12_sepconv1_bn", "trainable": false, "dtype": "float32", "axis": [3], "momentum": 0.99, "epsilon": 0.001, "center": true, "scale": true, "beta_initializer": {"class_name": "Zeros", "config": {}}, "gamma_initializer": {"class_name": "Ones", "config": {}}, "moving_mean_initializer": {"class_name": "Zeros", "config": {}}, "moving_variance_initializer": {"class_name": "Ones", "config": {}}, "beta_regularizer": null, "gamma_regularizer": null, "beta_constraint": null, "gamma_constraint": null}, "name": "block12_sepconv1_bn", "inbound_nodes": [[["block12_sepconv1", 0, 0, {}]]]}, {"class_name": "Activation", "config": {"name": "block12_sepconv2_act", "trainable": false, "dtype": "float32", "activation": "relu"}, "name": "block12_sepconv2_act", "inbound_nodes": [[["block12_sepconv1_bn", 0, 0, {}]]]}, {"class_name": "SeparableConv2D", "config": {"name": "block12_sepconv2", "trainable": false, "dtype": "float32", "filters": 728, "kernel_size": [3, 3], "strides": [1, 1], "padding": "same", "data_format": "channels_last", "dilation_rate": [1, 1], "activation": "linear", "use_bias": false, "kernel_initializer": {"class_name": "GlorotUniform", "config": {"seed": null}}, "bias_initializer": {"class_name": "Zeros", "config": {}}, "kernel_regularizer": null, "bias_regularizer": null, "activity_regularizer": null, "kernel_constraint": null, "bias_constraint": null, "depth_multiplier": 1, "depthwise_initializer": {"class_name": "GlorotUniform", "config": {"seed": null}}, "pointwise_initializer": {"class_name": "GlorotUniform", "config": {"seed": null}}, "depthwise_regularizer": null, "pointwise_regularizer": null, "depthwise_constraint": null, "pointwise_constraint": null}, "name": "block12_sepconv2", "inbound_nodes": [[["block12_sepconv2_act", 0, 0, {}]]]}, {"class_name": "BatchNormalization", "config": {"name": "block12_sepconv2_bn", "trainable": false, "dtype": "float32", "axis": [3], "momentum": 0.99, "epsilon": 0.001, "center": true, "scale": true, "beta_initializer": {"class_name": "Zeros", "config": {}}, "gamma_initializer": {"class_name": "Ones", "config": {}}, "moving_mean_initializer": {"class_name": "Zeros", "config": {}}, "moving_variance_initializer": {"class_name": "Ones", "config": {}}, "beta_regularizer": null, "gamma_regularizer": null, "beta_constraint": null, "gamma_constraint": null}, "name": "block12_sepconv2_bn", "inbound_nodes": [[["block12_sepconv2", 0, 0, {}]]]}, {"class_name": "Activation", "config": {"name": "block12_sepconv3_act", "trainable": false, "dtype": "float32", "activation": "relu"}, "name": "block12_sepconv3_act", "inbound_nodes": [[["block12_sepconv2_bn", 0, 0, {}]]]}, {"class_name": "SeparableConv2D", "config": {"name": "block12_sepconv3", "trainable": false, "dtype": "float32", "filters": 728, "kernel_size": [3, 3], "strides": [1, 1], "padding": "same", "data_format": "channels_last", "dilation_rate": [1, 1], "activation": "linear", "use_bias": false, "kernel_initializer": {"class_name": "GlorotUniform", "config": {"seed": null}}, "bias_initializer": {"class_name": "Zeros", "config": {}}, "kernel_regularizer": null, "bias_regularizer": null, "activity_regularizer": null, "kernel_constraint": null, "bias_constraint": null, "depth_multiplier": 1, "depthwise_initializer": {"class_name": "GlorotUniform", "config": {"seed": null}}, "pointwise_initializer": {"class_name": "GlorotUniform", "config": {"seed": null}}, "depthwise_regularizer": null, "pointwise_regularizer": null, "depthwise_constraint": null, "pointwise_constraint": null}, "name": "block12_sepconv3", "inbound_nodes": [[["block12_sepconv3_act", 0, 0, {}]]]}, {"class_name": "BatchNormalization", "config": {"name": "block12_sepconv3_bn", "trainable": false, "dtype": "float32", "axis": [3], "momentum": 0.99, "epsilon": 0.001, "center": true, "scale": true, "beta_initializer": {"class_name": "Zeros", "config": {}}, "gamma_initializer": {"class_name": "Ones", "config": {}}, "moving_mean_initializer": {"class_name": "Zeros", "config": {}}, "moving_variance_initializer": {"class_name": "Ones", "config": {}}, "beta_regularizer": null, "gamma_regularizer": null, "beta_constraint": null, "gamma_constraint": null}, "name": "block12_sepconv3_bn", "inbound_nodes": [[["block12_sepconv3", 0, 0, {}]]]}, {"class_name": "Add", "config": {"name": "add_10", "trainable": false, "dtype": "float32"}, "name": "add_10", "inbound_nodes": [[["block12_sepconv3_bn", 0, 0, {}], ["add_9", 0, 0, {}]]]}, {"class_name": "Activation", "config": {"name": "block13_sepconv1_act", "trainable": false, "dtype": "float32", "activation": "relu"}, "name": "block13_sepconv1_act", "inbound_nodes": [[["add_10", 0, 0, {}]]]}, {"class_name": "SeparableConv2D", "config": {"name": "block13_sepconv1", "trainable": false, "dtype": "float32", "filters": 728, "kernel_size": [3, 3], "strides": [1, 1], "padding": "same", "data_format": "channels_last", "dilation_rate": [1, 1], "activation": "linear", "use_bias": false, "kernel_initializer": {"class_name": "GlorotUniform", "config": {"seed": null}}, "bias_initializer": {"class_name": "Zeros", "config": {}}, "kernel_regularizer": null, "bias_regularizer": null, "activity_regularizer": null, "kernel_constraint": null, "bias_constraint": null, "depth_multiplier": 1, "depthwise_initializer": {"class_name": "GlorotUniform", "config": {"seed": null}}, "pointwise_initializer": {"class_name": "GlorotUniform", "config": {"seed": null}}, "depthwise_regularizer": null, "pointwise_regularizer": null, "depthwise_constraint": null, "pointwise_constraint": null}, "name": "block13_sepconv1", "inbound_nodes": [[["block13_sepconv1_act", 0, 0, {}]]]}, {"class_name": "BatchNormalization", "config": {"name": "block13_sepconv1_bn", "trainable": false, "dtype": "float32", "axis": [3], "momentum": 0.99, "epsilon": 0.001, "center": true, "scale": true, "beta_initializer": {"class_name": "Zeros", "config": {}}, "gamma_initializer": {"class_name": "Ones", "config": {}}, "moving_mean_initializer": {"class_name": "Zeros", "config": {}}, "moving_variance_initializer": {"class_name": "Ones", "config": {}}, "beta_regularizer": null, "gamma_regularizer": null, "beta_constraint": null, "gamma_constraint": null}, "name": "block13_sepconv1_bn", "inbound_nodes": [[["block13_sepconv1", 0, 0, {}]]]}, {"class_name": "Activation", "config": {"name": "block13_sepconv2_act", "trainable": false, "dtype": "float32", "activation": "relu"}, "name": "block13_sepconv2_act", "inbound_nodes": [[["block13_sepconv1_bn", 0, 0, {}]]]}, {"class_name": "SeparableConv2D", "config": {"name": "block13_sepconv2", "trainable": false, "dtype": "float32", "filters": 1024, "kernel_size": [3, 3], "strides": [1, 1], "padding": "same", "data_format": "channels_last", "dilation_rate": [1, 1], "activation": "linear", "use_bias": false, "kernel_initializer": {"class_name": "GlorotUniform", "config": {"seed": null}}, "bias_initializer": {"class_name": "Zeros", "config": {}}, "kernel_regularizer": null, "bias_regularizer": null, "activity_regularizer": null, "kernel_constraint": null, "bias_constraint": null, "depth_multiplier": 1, "depthwise_initializer": {"class_name": "GlorotUniform", "config": {"seed": null}}, "pointwise_initializer": {"class_name": "GlorotUniform", "config": {"seed": null}}, "depthwise_regularizer": null, "pointwise_regularizer": null, "depthwise_constraint": null, "pointwise_constraint": null}, "name": "block13_sepconv2", "inbound_nodes": [[["block13_sepconv2_act", 0, 0, {}]]]}, {"class_name": "BatchNormalization", "config": {"name": "block13_sepconv2_bn", "trainable": false, "dtype": "float32", "axis": [3], "momentum": 0.99, "epsilon": 0.001, "center": true, "scale": true, "beta_initializer": {"class_name": "Zeros", "config": {}}, "gamma_initializer": {"class_name": "Ones", "config": {}}, "moving_mean_initializer": {"class_name": "Zeros", "config": {}}, "moving_variance_initializer": {"class_name": "Ones", "config": {}}, "beta_regularizer": null, "gamma_regularizer": null, "beta_constraint": null, "gamma_constraint": null}, "name": "block13_sepconv2_bn", "inbound_nodes": [[["block13_sepconv2", 0, 0, {}]]]}, {"class_name": "Conv2D", "config": {"name": "conv2d_3", "trainable": false, "dtype": "float32", "filters": 1024, "kernel_size": [1, 1], "strides": [2, 2], "padding": "same", "data_format": "channels_last", "dilation_rate": [1, 1], "activation": "linear", "use_bias": false, "kernel_initializer": {"class_name": "GlorotUniform", "config": {"seed": null}}, "bias_initializer": {"class_name": "Zeros", "config": {}}, "kernel_regularizer": null, "bias_regularizer": null, "activity_regularizer": null, "kernel_constraint": null, "bias_constraint": null}, "name": "conv2d_3", "inbound_nodes": [[["add_10", 0, 0, {}]]]}, {"class_name": "MaxPooling2D", "config": {"name": "block13_pool", "trainable": false, "dtype": "float32", "pool_size": [3, 3], "padding": "same", "strides": [2, 2], "data_format": "channels_last"}, "name": "block13_pool", "inbound_nodes": [[["block13_sepconv2_bn", 0, 0, {}]]]}, {"class_name": "BatchNormalization", "config": {"name": "batch_normalization_3", "trainable": false, "dtype": "float32", "axis": [3], "momentum": 0.99, "epsilon": 0.001, "center": true, "scale": true, "beta_initializer": {"class_name": "Zeros", "config": {}}, "gamma_initializer": {"class_name": "Ones", "config": {}}, "moving_mean_initializer": {"class_name": "Zeros", "config": {}}, "moving_variance_initializer": {"class_name": "Ones", "config": {}}, "beta_regularizer": null, "gamma_regularizer": null, "beta_constraint": null, "gamma_constraint": null}, "name": "batch_normalization_3", "inbound_nodes": [[["conv2d_3", 0, 0, {}]]]}, {"class_name": "Add", "config": {"name": "add_11", "trainable": false, "dtype": "float32"}, "name": "add_11", "inbound_nodes": [[["block13_pool", 0, 0, {}], ["batch_normalization_3", 0, 0, {}]]]}, {"class_name": "SeparableConv2D", "config": {"name": "block14_sepconv1", "trainable": false, "dtype": "float32", "filters": 1536, "kernel_size": [3, 3], "strides": [1, 1], "padding": "same", "data_format": "channels_last", "dilation_rate": [1, 1], "activation": "linear", "use_bias": false, "kernel_initializer": {"class_name": "GlorotUniform", "config": {"seed": null}}, "bias_initializer": {"class_name": "Zeros", "config": {}}, "kernel_regularizer": null, "bias_regularizer": null, "activity_regularizer": null, "kernel_constraint": null, "bias_constraint": null, "depth_multiplier": 1, "depthwise_initializer": {"class_name": "GlorotUniform", "config": {"seed": null}}, "pointwise_initializer": {"class_name": "GlorotUniform", "config": {"seed": null}}, "depthwise_regularizer": null, "pointwise_regularizer": null, "depthwise_constraint": null, "pointwise_constraint": null}, "name": "block14_sepconv1", "inbound_nodes": [[["add_11", 0, 0, {}]]]}, {"class_name": "BatchNormalization", "config": {"name": "block14_sepconv1_bn", "trainable": false, "dtype": "float32", "axis": [3], "momentum": 0.99, "epsilon": 0.001, "center": true, "scale": true, "beta_initializer": {"class_name": "Zeros", "config": {}}, "gamma_initializer": {"class_name": "Ones", "config": {}}, "moving_mean_initializer": {"class_name": "Zeros", "config": {}}, "moving_variance_initializer": {"class_name": "Ones", "config": {}}, "beta_regularizer": null, "gamma_regularizer": null, "beta_constraint": null, "gamma_constraint": null}, "name": "block14_sepconv1_bn", "inbound_nodes": [[["block14_sepconv1", 0, 0, {}]]]}, {"class_name": "Activation", "config": {"name": "block14_sepconv1_act", "trainable": false, "dtype": "float32", "activation": "relu"}, "name": "block14_sepconv1_act", "inbound_nodes": [[["block14_sepconv1_bn", 0, 0, {}]]]}, {"class_name": "SeparableConv2D", "config": {"name": "block14_sepconv2", "trainable": false, "dtype": "float32", "filters": 2048, "kernel_size": [3, 3], "strides": [1, 1], "padding": "same", "data_format": "channels_last", "dilation_rate": [1, 1], "activation": "linear", "use_bias": false, "kernel_initializer": {"class_name": "GlorotUniform", "config": {"seed": null}}, "bias_initializer": {"class_name": "Zeros", "config": {}}, "kernel_regularizer": null, "bias_regularizer": null, "activity_regularizer": null, "kernel_constraint": null, "bias_constraint": null, "depth_multiplier": 1, "depthwise_initializer": {"class_name": "GlorotUniform", "config": {"seed": null}}, "pointwise_initializer": {"class_name": "GlorotUniform", "config": {"seed": null}}, "depthwise_regularizer": null, "pointwise_regularizer": null, "depthwise_constraint": null, "pointwise_constraint": null}, "name": "block14_sepconv2", "inbound_nodes": [[["block14_sepconv1_act", 0, 0, {}]]]}, {"class_name": "BatchNormalization", "config": {"name": "block14_sepconv2_bn", "trainable": false, "dtype": "float32", "axis": [3], "momentum": 0.99, "epsilon": 0.001, "center": true, "scale": true, "beta_initializer": {"class_name": "Zeros", "config": {}}, "gamma_initializer": {"class_name": "Ones", "config": {}}, "moving_mean_initializer": {"class_name": "Zeros", "config": {}}, "moving_variance_initializer": {"class_name": "Ones", "config": {}}, "beta_regularizer": null, "gamma_regularizer": null, "beta_constraint": null, "gamma_constraint": null}, "name": "block14_sepconv2_bn", "inbound_nodes": [[["block14_sepconv2", 0, 0, {}]]]}, {"class_name": "Activation", "config": {"name": "block14_sepconv2_act", "trainable": false, "dtype": "float32", "activation": "relu"}, "name": "block14_sepconv2_act", "inbound_nodes": [[["block14_sepconv2_bn", 0, 0, {}]]]}], "input_layers": [["input_1", 0, 0]], "output_layers": [["block14_sepconv2_act", 0, 0]], "batch_input_shape": [null, 299, 299, 3]}}, {"class_name": "GlobalAveragePooling2D", "config": {"name": "global_average_pooling2d_1", "trainable": true, "dtype": "float32", "data_format": "channels_last"}}, {"class_name": "Dense", "config": {"name": "dense_2", "trainable": true, "dtype": "float32", "units": 100, "activation": "relu", "use_bias": true, "kernel_initializer": {"class_name": "GlorotUniform", "config": {"seed": null}}, "bias_initializer": {"class_name": "Zeros", "config": {}}, "kernel_regularizer": null, "bias_regularizer": null, "activity_regularizer": null, "kernel_constraint": null, "bias_constraint": null}}, {"class_name": "Dense", "config": {"name": "dense_3", "trainable": true, "dtype": "float32", "units": 2, "activation": "softmax", "use_bias": true, "kernel_initializer": {"class_name": "GlorotUniform", "config": {"seed": null}}, "bias_initializer": {"class_name": "Zeros", "config": {}}, "kernel_regularizer": null, "bias_regularizer": null, "activity_regularizer": null, "kernel_constraint": null, "bias_constraint": null}}]}}, "training_config": {"loss": {"class_name": "CategoricalCrossentropy", "config": {"reduction": "auto", "name": "categorical_crossentropy", "from_logits": false, "label_smoothing": 0}}, "metrics": ["accuracy"], "weighted_metrics": null, "sample_weight_mode": null, "loss_weights": null, "optimizer_config": {"class_name": "Adam", "config": {"name": "Adam", "learning_rate": 0.0010000000474974513, "decay": 0.0, "beta_1": 0.8999999761581421, "beta_2": 0.9990000128746033, "epsilon": 1e-07, "amsgrad": false}}}}, "weightsManifest": [{"paths": ["group1-shard1of21.bin", "group1-shard2of21.bin", "group1-shard3of21.bin", "group1-shard4of21.bin", "group1-shard5of21.bin", "group1-shard6of21.bin", "group1-shard7of21.bin", "group1-shard8of21.bin", "group1-shard9of21.bin", "group1-shard10of21.bin", "group1-shard11of21.bin", "group1-shard12of21.bin", "group1-shard13of21.bin", "group1-shard14of21.bin", "group1-shard15of21.bin", "group1-shard16of21.bin", "group1-shard17of21.bin", "group1-shard18of21.bin", "group1-shard19of21.bin", "group1-shard20of21.bin", "group1-shard21of21.bin"], "weights": [{"name": "dense_2/kernel", "shape": [2048, 100], "dtype": "float32"}, {"name": "dense_2/bias", "shape": [100], "dtype": "float32"}, {"name": "dense_3/kernel", "shape": [100, 2], "dtype": "float32"}, {"name": "dense_3/bias", "shape": [2], "dtype": "float32"}, {"name": "block1_conv1/kernel", "shape": [3, 3, 3, 32], "dtype": "float32"}, {"name": "block1_conv1_bn/gamma", "shape": [32], "dtype": "float32"}, {"name": "block1_conv1_bn/beta", "shape": [32], "dtype": "float32"}, {"name": "block1_conv1_bn/moving_mean", "shape": [32], "dtype": "float32"}, {"name": "block1_conv1_bn/moving_variance", "shape": [32], "dtype": "float32"}, {"name": "block1_conv2/kernel", "shape": [3, 3, 32, 64], "dtype": "float32"}, {"name": "block1_conv2_bn/gamma", "shape": [64], "dtype": "float32"}, {"name": "block1_conv2_bn/beta", "shape": [64], "dtype": "float32"}, {"name": "block1_conv2_bn/moving_mean", "shape": [64], "dtype": "float32"}, {"name": "block1_conv2_bn/moving_variance", "shape": [64], "dtype": "float32"}, {"name": "block2_sepconv1/depthwise_kernel", "shape": [3, 3, 64, 1], "dtype": "float32"}, {"name": "block2_sepconv1/pointwise_kernel", "shape": [1, 1, 64, 128], "dtype": "float32"}, {"name": "block2_sepconv1_bn/gamma", "shape": [128], "dtype": "float32"}, {"name": "block2_sepconv1_bn/beta", "shape": [128], "dtype": "float32"}, {"name": "block2_sepconv1_bn/moving_mean", "shape": [128], "dtype": "float32"}, {"name": "block2_sepconv1_bn/moving_variance", "shape": [128], "dtype": "float32"}, {"name": "block2_sepconv2/depthwise_kernel", "shape": [3, 3, 128, 1], "dtype": "float32"}, {"name": "block2_sepconv2/pointwise_kernel", "shape": [1, 1, 128, 128], "dtype": "float32"}, {"name": "block2_sepconv2_bn/gamma", "shape": [128], "dtype": "float32"}, {"name": "block2_sepconv2_bn/beta", "shape": [128], "dtype": "float32"}, {"name": "block2_sepconv2_bn/moving_mean", "shape": [128], "dtype": "float32"}, {"name": "block2_sepconv2_bn/moving_variance", "shape": [128], "dtype": "float32"}, {"name": "conv2d/kernel", "shape": [1, 1, 64, 128], "dtype": "float32"}, {"name": "batch_normalization/gamma", "shape": [128], "dtype": "float32"}, {"name": "batch_normalization/beta", "shape": [128], "dtype": "float32"}, {"name": "batch_normalization/moving_mean", "shape": [128], "dtype": "float32"}, {"name": "batch_normalization/moving_variance", "shape": [128], "dtype": "float32"}, {"name": "block3_sepconv1/depthwise_kernel", "shape": [3, 3, 128, 1], "dtype": "float32"}, {"name": "block3_sepconv1/pointwise_kernel", "shape": [1, 1, 128, 256], "dtype": "float32"}, {"name": "block3_sepconv1_bn/gamma", "shape": [256], "dtype": "float32"}, {"name": "block3_sepconv1_bn/beta", "shape": [256], "dtype": "float32"}, {"name": "block3_sepconv1_bn/moving_mean", "shape": [256], "dtype": "float32"}, {"name": "block3_sepconv1_bn/moving_variance", "shape": [256], "dtype": "float32"}, {"name": "block3_sepconv2/depthwise_kernel", "shape": [3, 3, 256, 1], "dtype": "float32"}, {"name": "block3_sepconv2/pointwise_kernel", "shape": [1, 1, 256, 256], "dtype": "float32"}, {"name": "block3_sepconv2_bn/gamma", "shape": [256], "dtype": "float32"}, {"name": "block3_sepconv2_bn/beta", "shape": [256], "dtype": "float32"}, {"name": "block3_sepconv2_bn/moving_mean", "shape": [256], "dtype": "float32"}, {"name": "block3_sepconv2_bn/moving_variance", "shape": [256], "dtype": "float32"}, {"name": "conv2d_1/kernel", "shape": [1, 1, 128, 256], "dtype": "float32"}, {"name": "batch_normalization_1/gamma", "shape": [256], "dtype": "float32"}, {"name": "batch_normalization_1/beta", "shape": [256], "dtype": "float32"}, {"name": "batch_normalization_1/moving_mean", "shape": [256], "dtype": "float32"}, {"name": "batch_normalization_1/moving_variance", "shape": [256], "dtype": "float32"}, {"name": "block4_sepconv1/depthwise_kernel", "shape": [3, 3, 256, 1], "dtype": "float32"}, {"name": "block4_sepconv1/pointwise_kernel", "shape": [1, 1, 256, 728], "dtype": "float32"}, {"name": "block4_sepconv1_bn/gamma", "shape": [728], "dtype": "float32"}, {"name": "block4_sepconv1_bn/beta", "shape": [728], "dtype": "float32"}, {"name": "block4_sepconv1_bn/moving_mean", "shape": [728], "dtype": "float32"}, {"name": "block4_sepconv1_bn/moving_variance", "shape": [728], "dtype": "float32"}, {"name": "block4_sepconv2/depthwise_kernel", "shape": [3, 3, 728, 1], "dtype": "float32"}, {"name": "block4_sepconv2/pointwise_kernel", "shape": [1, 1, 728, 728], "dtype": "float32"}, {"name": "block4_sepconv2_bn/gamma", "shape": [728], "dtype": "float32"}, {"name": "block4_sepconv2_bn/beta", "shape": [728], "dtype": "float32"}, {"name": "block4_sepconv2_bn/moving_mean", "shape": [728], "dtype": "float32"}, {"name": "block4_sepconv2_bn/moving_variance", "shape": [728], "dtype": "float32"}, {"name": "conv2d_2/kernel", "shape": [1, 1, 256, 728], "dtype": "float32"}, {"name": "batch_normalization_2/gamma", "shape": [728], "dtype": "float32"}, {"name": "batch_normalization_2/beta", "shape": [728], "dtype": "float32"}, {"name": "batch_normalization_2/moving_mean", "shape": [728], "dtype": "float32"}, {"name": "batch_normalization_2/moving_variance", "shape": [728], "dtype": "float32"}, {"name": "block5_sepconv1/depthwise_kernel", "shape": [3, 3, 728, 1], "dtype": "float32"}, {"name": "block5_sepconv1/pointwise_kernel", "shape": [1, 1, 728, 728], "dtype": "float32"}, {"name": "block5_sepconv1_bn/gamma", "shape": [728], "dtype": "float32"}, {"name": "block5_sepconv1_bn/beta", "shape": [728], "dtype": "float32"}, {"name": "block5_sepconv1_bn/moving_mean", "shape": [728], "dtype": "float32"}, {"name": "block5_sepconv1_bn/moving_variance", "shape": [728], "dtype": "float32"}, {"name": "block5_sepconv2/depthwise_kernel", "shape": [3, 3, 728, 1], "dtype": "float32"}, {"name": "block5_sepconv2/pointwise_kernel", "shape": [1, 1, 728, 728], "dtype": "float32"}, {"name": "block5_sepconv2_bn/gamma", "shape": [728], "dtype": "float32"}, {"name": "block5_sepconv2_bn/beta", "shape": [728], "dtype": "float32"}, {"name": "block5_sepconv2_bn/moving_mean", "shape": [728], "dtype": "float32"}, {"name": "block5_sepconv2_bn/moving_variance", "shape": [728], "dtype": "float32"}, {"name": "block5_sepconv3/depthwise_kernel", "shape": [3, 3, 728, 1], "dtype": "float32"}, {"name": "block5_sepconv3/pointwise_kernel", "shape": [1, 1, 728, 728], "dtype": "float32"}, {"name": "block5_sepconv3_bn/gamma", "shape": [728], "dtype": "float32"}, {"name": "block5_sepconv3_bn/beta", "shape": [728], "dtype": "float32"}, {"name": "block5_sepconv3_bn/moving_mean", "shape": [728], "dtype": "float32"}, {"name": "block5_sepconv3_bn/moving_variance", "shape": [728], "dtype": "float32"}, {"name": "block6_sepconv1/depthwise_kernel", "shape": [3, 3, 728, 1], "dtype": "float32"}, {"name": "block6_sepconv1/pointwise_kernel", "shape": [1, 1, 728, 728], "dtype": "float32"}, {"name": "block6_sepconv1_bn/gamma", "shape": [728], "dtype": "float32"}, {"name": "block6_sepconv1_bn/beta", "shape": [728], "dtype": "float32"}, {"name": "block6_sepconv1_bn/moving_mean", "shape": [728], "dtype": "float32"}, {"name": "block6_sepconv1_bn/moving_variance", "shape": [728], "dtype": "float32"}, {"name": "block6_sepconv2/depthwise_kernel", "shape": [3, 3, 728, 1], "dtype": "float32"}, {"name": "block6_sepconv2/pointwise_kernel", "shape": [1, 1, 728, 728], "dtype": "float32"}, {"name": "block6_sepconv2_bn/gamma", "shape": [728], "dtype": "float32"}, {"name": "block6_sepconv2_bn/beta", "shape": [728], "dtype": "float32"}, {"name": "block6_sepconv2_bn/moving_mean", "shape": [728], "dtype": "float32"}, {"name": "block6_sepconv2_bn/moving_variance", "shape": [728], "dtype": "float32"}, {"name": "block6_sepconv3/depthwise_kernel", "shape": [3, 3, 728, 1], "dtype": "float32"}, {"name": "block6_sepconv3/pointwise_kernel", "shape": [1, 1, 728, 728], "dtype": "float32"}, {"name": "block6_sepconv3_bn/gamma", "shape": [728], "dtype": "float32"}, {"name": "block6_sepconv3_bn/beta", "shape": [728], "dtype": "float32"}, {"name": "block6_sepconv3_bn/moving_mean", "shape": [728], "dtype": "float32"}, {"name": "block6_sepconv3_bn/moving_variance", "shape": [728], "dtype": "float32"}, {"name": "block7_sepconv1/depthwise_kernel", "shape": [3, 3, 728, 1], "dtype": "float32"}, {"name": "block7_sepconv1/pointwise_kernel", "shape": [1, 1, 728, 728], "dtype": "float32"}, {"name": "block7_sepconv1_bn/gamma", "shape": [728], "dtype": "float32"}, {"name": "block7_sepconv1_bn/beta", "shape": [728], "dtype": "float32"}, {"name": "block7_sepconv1_bn/moving_mean", "shape": [728], "dtype": "float32"}, {"name": "block7_sepconv1_bn/moving_variance", "shape": [728], "dtype": "float32"}, {"name": "block7_sepconv2/depthwise_kernel", "shape": [3, 3, 728, 1], "dtype": "float32"}, {"name": "block7_sepconv2/pointwise_kernel", "shape": [1, 1, 728, 728], "dtype": "float32"}, {"name": "block7_sepconv2_bn/gamma", "shape": [728], "dtype": "float32"}, {"name": "block7_sepconv2_bn/beta", "shape": [728], "dtype": "float32"}, {"name": "block7_sepconv2_bn/moving_mean", "shape": [728], "dtype": "float32"}, {"name": "block7_sepconv2_bn/moving_variance", "shape": [728], "dtype": "float32"}, {"name": "block7_sepconv3/depthwise_kernel", "shape": [3, 3, 728, 1], "dtype": "float32"}, {"name": "block7_sepconv3/pointwise_kernel", "shape": [1, 1, 728, 728], "dtype": "float32"}, {"name": "block7_sepconv3_bn/gamma", "shape": [728], "dtype": "float32"}, {"name": "block7_sepconv3_bn/beta", "shape": [728], "dtype": "float32"}, {"name": "block7_sepconv3_bn/moving_mean", "shape": [728], "dtype": "float32"}, {"name": "block7_sepconv3_bn/moving_variance", "shape": [728], "dtype": "float32"}, {"name": "block8_sepconv1/depthwise_kernel", "shape": [3, 3, 728, 1], "dtype": "float32"}, {"name": "block8_sepconv1/pointwise_kernel", "shape": [1, 1, 728, 728], "dtype": "float32"}, {"name": "block8_sepconv1_bn/gamma", "shape": [728], "dtype": "float32"}, {"name": "block8_sepconv1_bn/beta", "shape": [728], "dtype": "float32"}, {"name": "block8_sepconv1_bn/moving_mean", "shape": [728], "dtype": "float32"}, {"name": "block8_sepconv1_bn/moving_variance", "shape": [728], "dtype": "float32"}, {"name": "block8_sepconv2/depthwise_kernel", "shape": [3, 3, 728, 1], "dtype": "float32"}, {"name": "block8_sepconv2/pointwise_kernel", "shape": [1, 1, 728, 728], "dtype": "float32"}, {"name": "block8_sepconv2_bn/gamma", "shape": [728], "dtype": "float32"}, {"name": "block8_sepconv2_bn/beta", "shape": [728], "dtype": "float32"}, {"name": "block8_sepconv2_bn/moving_mean", "shape": [728], "dtype": "float32"}, {"name": "block8_sepconv2_bn/moving_variance", "shape": [728], "dtype": "float32"}, {"name": "block8_sepconv3/depthwise_kernel", "shape": [3, 3, 728, 1], "dtype": "float32"}, {"name": "block8_sepconv3/pointwise_kernel", "shape": [1, 1, 728, 728], "dtype": "float32"}, {"name": "block8_sepconv3_bn/gamma", "shape": [728], "dtype": "float32"}, {"name": "block8_sepconv3_bn/beta", "shape": [728], "dtype": "float32"}, {"name": "block8_sepconv3_bn/moving_mean", "shape": [728], "dtype": "float32"}, {"name": "block8_sepconv3_bn/moving_variance", "shape": [728], "dtype": "float32"}, {"name": "block9_sepconv1/depthwise_kernel", "shape": [3, 3, 728, 1], "dtype": "float32"}, {"name": "block9_sepconv1/pointwise_kernel", "shape": [1, 1, 728, 728], "dtype": "float32"}, {"name": "block9_sepconv1_bn/gamma", "shape": [728], "dtype": "float32"}, {"name": "block9_sepconv1_bn/beta", "shape": [728], "dtype": "float32"}, {"name": "block9_sepconv1_bn/moving_mean", "shape": [728], "dtype": "float32"}, {"name": "block9_sepconv1_bn/moving_variance", "shape": [728], "dtype": "float32"}, {"name": "block9_sepconv2/depthwise_kernel", "shape": [3, 3, 728, 1], "dtype": "float32"}, {"name": "block9_sepconv2/pointwise_kernel", "shape": [1, 1, 728, 728], "dtype": "float32"}, {"name": "block9_sepconv2_bn/gamma", "shape": [728], "dtype": "float32"}, {"name": "block9_sepconv2_bn/beta", "shape": [728], "dtype": "float32"}, {"name": "block9_sepconv2_bn/moving_mean", "shape": [728], "dtype": "float32"}, {"name": "block9_sepconv2_bn/moving_variance", "shape": [728], "dtype": "float32"}, {"name": "block9_sepconv3/depthwise_kernel", "shape": [3, 3, 728, 1], "dtype": "float32"}, {"name": "block9_sepconv3/pointwise_kernel", "shape": [1, 1, 728, 728], "dtype": "float32"}, {"name": "block9_sepconv3_bn/gamma", "shape": [728], "dtype": "float32"}, {"name": "block9_sepconv3_bn/beta", "shape": [728], "dtype": "float32"}, {"name": "block9_sepconv3_bn/moving_mean", "shape": [728], "dtype": "float32"}, {"name": "block9_sepconv3_bn/moving_variance", "shape": [728], "dtype": "float32"}, {"name": "block10_sepconv1/depthwise_kernel", "shape": [3, 3, 728, 1], "dtype": "float32"}, {"name": "block10_sepconv1/pointwise_kernel", "shape": [1, 1, 728, 728], "dtype": "float32"}, {"name": "block10_sepconv1_bn/gamma", "shape": [728], "dtype": "float32"}, {"name": "block10_sepconv1_bn/beta", "shape": [728], "dtype": "float32"}, {"name": "block10_sepconv1_bn/moving_mean", "shape": [728], "dtype": "float32"}, {"name": "block10_sepconv1_bn/moving_variance", "shape": [728], "dtype": "float32"}, {"name": "block10_sepconv2/depthwise_kernel", "shape": [3, 3, 728, 1], "dtype": "float32"}, {"name": "block10_sepconv2/pointwise_kernel", "shape": [1, 1, 728, 728], "dtype": "float32"}, {"name": "block10_sepconv2_bn/gamma", "shape": [728], "dtype": "float32"}, {"name": "block10_sepconv2_bn/beta", "shape": [728], "dtype": "float32"}, {"name": "block10_sepconv2_bn/moving_mean", "shape": [728], "dtype": "float32"}, {"name": "block10_sepconv2_bn/moving_variance", "shape": [728], "dtype": "float32"}, {"name": "block10_sepconv3/depthwise_kernel", "shape": [3, 3, 728, 1], "dtype": "float32"}, {"name": "block10_sepconv3/pointwise_kernel", "shape": [1, 1, 728, 728], "dtype": "float32"}, {"name": "block10_sepconv3_bn/gamma", "shape": [728], "dtype": "float32"}, {"name": "block10_sepconv3_bn/beta", "shape": [728], "dtype": "float32"}, {"name": "block10_sepconv3_bn/moving_mean", "shape": [728], "dtype": "float32"}, {"name": "block10_sepconv3_bn/moving_variance", "shape": [728], "dtype": "float32"}, {"name": "block11_sepconv1/depthwise_kernel", "shape": [3, 3, 728, 1], "dtype": "float32"}, {"name": "block11_sepconv1/pointwise_kernel", "shape": [1, 1, 728, 728], "dtype": "float32"}, {"name": "block11_sepconv1_bn/gamma", "shape": [728], "dtype": "float32"}, {"name": "block11_sepconv1_bn/beta", "shape": [728], "dtype": "float32"}, {"name": "block11_sepconv1_bn/moving_mean", "shape": [728], "dtype": "float32"}, {"name": "block11_sepconv1_bn/moving_variance", "shape": [728], "dtype": "float32"}, {"name": "block11_sepconv2/depthwise_kernel", "shape": [3, 3, 728, 1], "dtype": "float32"}, {"name": "block11_sepconv2/pointwise_kernel", "shape": [1, 1, 728, 728], "dtype": "float32"}, {"name": "block11_sepconv2_bn/gamma", "shape": [728], "dtype": "float32"}, {"name": "block11_sepconv2_bn/beta", "shape": [728], "dtype": "float32"}, {"name": "block11_sepconv2_bn/moving_mean", "shape": [728], "dtype": "float32"}, {"name": "block11_sepconv2_bn/moving_variance", "shape": [728], "dtype": "float32"}, {"name": "block11_sepconv3/depthwise_kernel", "shape": [3, 3, 728, 1], "dtype": "float32"}, {"name": "block11_sepconv3/pointwise_kernel", "shape": [1, 1, 728, 728], "dtype": "float32"}, {"name": "block11_sepconv3_bn/gamma", "shape": [728], "dtype": "float32"}, {"name": "block11_sepconv3_bn/beta", "shape": [728], "dtype": "float32"}, {"name": "block11_sepconv3_bn/moving_mean", "shape": [728], "dtype": "float32"}, {"name": "block11_sepconv3_bn/moving_variance", "shape": [728], "dtype": "float32"}, {"name": "block12_sepconv1/depthwise_kernel", "shape": [3, 3, 728, 1], "dtype": "float32"}, {"name": "block12_sepconv1/pointwise_kernel", "shape": [1, 1, 728, 728], "dtype": "float32"}, {"name": "block12_sepconv1_bn/gamma", "shape": [728], "dtype": "float32"}, {"name": "block12_sepconv1_bn/beta", "shape": [728], "dtype": "float32"}, {"name": "block12_sepconv1_bn/moving_mean", "shape": [728], "dtype": "float32"}, {"name": "block12_sepconv1_bn/moving_variance", "shape": [728], "dtype": "float32"}, {"name": "block12_sepconv2/depthwise_kernel", "shape": [3, 3, 728, 1], "dtype": "float32"}, {"name": "block12_sepconv2/pointwise_kernel", "shape": [1, 1, 728, 728], "dtype": "float32"}, {"name": "block12_sepconv2_bn/gamma", "shape": [728], "dtype": "float32"}, {"name": "block12_sepconv2_bn/beta", "shape": [728], "dtype": "float32"}, {"name": "block12_sepconv2_bn/moving_mean", "shape": [728], "dtype": "float32"}, {"name": "block12_sepconv2_bn/moving_variance", "shape": [728], "dtype": "float32"}, {"name": "block12_sepconv3/depthwise_kernel", "shape": [3, 3, 728, 1], "dtype": "float32"}, {"name": "block12_sepconv3/pointwise_kernel", "shape": [1, 1, 728, 728], "dtype": "float32"}, {"name": "block12_sepconv3_bn/gamma", "shape": [728], "dtype": "float32"}, {"name": "block12_sepconv3_bn/beta", "shape": [728], "dtype": "float32"}, {"name": "block12_sepconv3_bn/moving_mean", "shape": [728], "dtype": "float32"}, {"name": "block12_sepconv3_bn/moving_variance", "shape": [728], "dtype": "float32"}, {"name": "block13_sepconv1/depthwise_kernel", "shape": [3, 3, 728, 1], "dtype": "float32"}, {"name": "block13_sepconv1/pointwise_kernel", "shape": [1, 1, 728, 728], "dtype": "float32"}, {"name": "block13_sepconv1_bn/gamma", "shape": [728], "dtype": "float32"}, {"name": "block13_sepconv1_bn/beta", "shape": [728], "dtype": "float32"}, {"name": "block13_sepconv1_bn/moving_mean", "shape": [728], "dtype": "float32"}, {"name": "block13_sepconv1_bn/moving_variance", "shape": [728], "dtype": "float32"}, {"name": "block13_sepconv2/depthwise_kernel", "shape": [3, 3, 728, 1], "dtype": "float32"}, {"name": "block13_sepconv2/pointwise_kernel", "shape": [1, 1, 728, 1024], "dtype": "float32"}, {"name": "block13_sepconv2_bn/gamma", "shape": [1024], "dtype": "float32"}, {"name": "block13_sepconv2_bn/beta", "shape": [1024], "dtype": "float32"}, {"name": "block13_sepconv2_bn/moving_mean", "shape": [1024], "dtype": "float32"}, {"name": "block13_sepconv2_bn/moving_variance", "shape": [1024], "dtype": "float32"}, {"name": "conv2d_3/kernel", "shape": [1, 1, 728, 1024], "dtype": "float32"}, {"name": "batch_normalization_3/gamma", "shape": [1024], "dtype": "float32"}, {"name": "batch_normalization_3/beta", "shape": [1024], "dtype": "float32"}, {"name": "batch_normalization_3/moving_mean", "shape": [1024], "dtype": "float32"}, {"name": "batch_normalization_3/moving_variance", "shape": [1024], "dtype": "float32"}, {"name": "block14_sepconv1/depthwise_kernel", "shape": [3, 3, 1024, 1], "dtype": "float32"}, {"name": "block14_sepconv1/pointwise_kernel", "shape": [1, 1, 1024, 1536], "dtype": "float32"}, {"name": "block14_sepconv1_bn/gamma", "shape": [1536], "dtype": "float32"}, {"name": "block14_sepconv1_bn/beta", "shape": [1536], "dtype": "float32"}, {"name": "block14_sepconv1_bn/moving_mean", "shape": [1536], "dtype": "float32"}, {"name": "block14_sepconv1_bn/moving_variance", "shape": [1536], "dtype": "float32"}, {"name": "block14_sepconv2/depthwise_kernel", "shape": [3, 3, 1536, 1], "dtype": "float32"}, {"name": "block14_sepconv2/pointwise_kernel", "shape": [1, 1, 1536, 2048], "dtype": "float32"}, {"name": "block14_sepconv2_bn/gamma", "shape": [2048], "dtype": "float32"}, {"name": "block14_sepconv2_bn/beta", "shape": [2048], "dtype": "float32"}, {"name": "block14_sepconv2_bn/moving_mean", "shape": [2048], "dtype": "float32"}, {"name": "block14_sepconv2_bn/moving_variance", "shape": [2048], "dtype": "float32"}]}]}